_key,Campus,Building,Room,RoomType,StudentCapacity,ZoomEnabled,VideoConf,Mediasite,AudienceMicrophones,AudienceCamera,schedule/Monday/0/start,schedule/Monday/0/end,schedule/Monday/1/start,schedule/Monday/1/end,schedule/Monday/2/start,schedule/Monday/2/end,schedule/Tuesday/0/start,schedule/Tuesday/0/end,schedule/Tuesday/1/start,schedule/Tuesday/1/end,schedule/Tuesday/2/start,schedule/Tuesday/2/end,schedule/Tuesday/3/start,schedule/Tuesday/3/end,schedule/Wednesday/0/start,schedule/Wednesday/0/end,schedule/Wednesday/1/start,schedule/Wednesday/1/end,schedule/Wednesday/2/start,schedule/Wednesday/2/end,schedule/Wednesday/3/start,schedule/Wednesday/3/end,schedule/Thursday/0/start,schedule/Thursday/0/end,schedule/Thursday/1/start,schedule/Thursday/1/end,schedule/Thursday/2/start,schedule/Thursday/2/end,schedule/Thursday/3/start,schedule/Thursday/3/end,schedule/Friday/0/start,schedule/Friday/0/end,schedule/Friday/1/start,schedule/Friday/1/end,schedule/Friday/2/start,schedule/Friday/2/end,schedule/Wednesday/4/start,schedule/Wednesday/4/end,schedule/Friday/3/start,schedule/Friday/3/end,schedule/Monday/3/start,schedule/Monday/3/end,schedule/Tuesday/4/start,schedule/Tuesday/4/end,schedule/Tuesday/5/start,schedule/Tuesday/5/end,schedule/Tuesday/6/start,schedule/Tuesday/6/end,schedule/Tuesday/7/start,schedule/Tuesday/7/end,schedule/Thursday/4/start,schedule/Thursday/4/end,schedule/Thursday/5/start,schedule/Thursday/5/end,schedule/Thursday/6/start,schedule/Thursday/6/end,schedule/Monday/4/start,schedule/Monday/4/end,schedule/Monday/5/start,schedule/Monday/5/end,schedule/Friday/4/start,schedule/Friday/4/end,schedule/Monday/6/start,schedule/Monday/6/end,schedule/Wednesday/5/start,schedule/Wednesday/5/end,schedule/Wednesday/6/start,schedule/Wednesday/6/end,schedule/Friday/5/start,schedule/Friday/5/end,schedule/Friday/6/start,schedule/Friday/6/end,schedule/Tuesday/8/start,schedule/Tuesday/8/end,schedule/Tuesday/9/start,schedule/Tuesday/9/end,schedule/Tuesday/10/start,schedule/Tuesday/10/end,schedule/Thursday/7/start,schedule/Thursday/7/end,schedule/Thursday/8/start,schedule/Thursday/8/end,schedule/Thursday/9/start,schedule/Thursday/9/end,schedule/Saturday/0/start,schedule/Saturday/0/end,schedule/Wednesday/7/start,schedule/Wednesday/7/end,schedule/Friday/7/start,schedule/Friday/7/end,schedule/Friday/8/start,schedule/Friday/8/end,schedule/Monday/7/start,schedule/Monday/7/end,schedule/Monday/8/start,schedule/Monday/8/end,schedule/Monday/9/start,schedule/Monday/9/end,schedule/Tuesday/11/start,schedule/Tuesday/11/end,schedule/Tuesday/12/start,schedule/Tuesday/12/end,schedule/Tuesday/13/start,schedule/Tuesday/13/end,schedule/Tuesday/14/start,schedule/Tuesday/14/end,schedule/Tuesday/15/start,schedule/Tuesday/15/end,schedule/Tuesday/16/start,schedule/Tuesday/16/end,schedule/Tuesday/17/start,schedule/Tuesday/17/end,schedule/Tuesday/18/start,schedule/Tuesday/18/end,schedule/Wednesday/8/start,schedule/Wednesday/8/end,schedule/Wednesday/9/start,schedule/Wednesday/9/end,schedule/Wednesday/10/start,schedule/Wednesday/10/end,schedule/Wednesday/11/start,schedule/Wednesday/11/end,schedule/Wednesday/12/start,schedule/Wednesday/12/end,schedule/Wednesday/13/start,schedule/Wednesday/13/end,schedule/Wednesday/14/start,schedule/Wednesday/14/end,schedule/Wednesday/15/start,schedule/Wednesday/15/end,schedule/Thursday/10/start,schedule/Thursday/10/end,schedule/Thursday/11/start,schedule/Thursday/11/end,schedule/Thursday/12/start,schedule/Thursday/12/end,schedule/Thursday/13/start,schedule/Thursday/13/end,schedule/Thursday/14/start,schedule/Thursday/14/end,schedule/Thursday/15/start,schedule/Thursday/15/end,schedule/Sunday/0/start,schedule/Sunday/0/end,schedule/Sunday/1/start,schedule/Sunday/1/end,schedule/Saturday/1/start,schedule/Saturday/1/end
AC117,Boca,AC,117,Classroom,29,false,false,false,false,false,,,,,,,,,,,,,,,,,,,,,,,,,,,,,,,,,,,,,,,,,,,,,,,,,,,,,,,,,,,,,,,,,,,,,,,,,,,,,,,,,,,,,,,,,,,,,,,,,,,,,,,,,,,,,,,,,,,,,,,,,,,,,,,,,,,,,,,,,,,,,,,,,,,,
AC118,Boca,AC,118,Classroom,20,false,false,false,false,false,,,,,,,,,,,,,,,,,,,,,,,,,,,,,,,,,,,,,,,,,,,,,,,,,,,,,,,,,,,,,,,,,,,,,,,,,,,,,,,,,,,,,,,,,,,,,,,,,,,,,,,,,,,,,,,,,,,,,,,,,,,,,,,,,,,,,,,,,,,,,,,,,,,,
AC119,Boca,AC,119,Classroom,23,false,false,false,false,false,08:00,09:30,10:00,11:20,13:00,14:50,08:00,09:20,11:00,12:20,13:00,14:20,14:30,15:50,08:00,09:30,10:00,11:20,11:30,12:50,13:00,14:50,08:00,09:20,11:00,12:20,13:00,14:20,14:30,15:50,09:00,10:50,,,,,,,,,,,,,,,,,,,,,,,,,,,,,,,,,,,,,,,,,,,,,,,,,,,,,,,,,,,,,,,,,,,,,,,,,,,,,,,,,,,,,,,,,,,,,,,,,,,,,,,,,,,,,,,,,,,,
AC122,Boca,AC,122,Auditorium,102,true,false,false,false,false,19:00,19:50,,,,,09:30,10:50,11:00,12:20,12:30,13:50,14:00,15:20,09:30,10:50,11:00,12:20,12:30,13:50,,,09:30,10:50,11:00,12:20,12:30,13:50,14:00,15:20,09:30,10:50,11:00,12:20,12:30,13:50,,,,,,,,,,,,,,,,,,,,,,,,,,,,,,,,,,,,,,,,,,,,,,,,,,,,,,,,,,,,,,,,,,,,,,,,,,,,,,,,,,,,,,,,,,,,,,,,,,,,,,,,,,,,,,,,
AH104,Boca,AH,104,Conference Room,18,false,false,false,false,false,,,,,,,,,,,,,,,,,,,,,,,,,,,,,,,,,,,,,,,,,,,,,,,,,,,,,,,,,,,,,,,,,,,,,,,,,,,,,,,,,,,,,,,,,,,,,,,,,,,,,,,,,,,,,,,,,,,,,,,,,,,,,,,,,,,,,,,,,,,,,,,,,,,,
AH113,Boca,AH,113,Music Lab,17,true,false,false,false,false,08:00,08:50,10:00,10:50,,,08:00,08:50,09:00,09:50,10:00,10:50,,,08:00,08:50,10:00,10:50,,,,,08:00,08:50,09:00,09:50,10:00,10:50,,,,,,,,,,,,,,,,,,,,,,,,,,,,,,,,,,,,,,,,,,,,,,,,,,,,,,,,,,,,,,,,,,,,,,,,,,,,,,,,,,,,,,,,,,,,,,,,,,,,,,,,,,,,,,,,,,,,,,,,
AH204,Boca,AH,204,Classroom,24,false,false,false,false,false,08:00,08:50,11:00,11:50,14:00,16:50,09:30,10:50,11:00,12:20,12:30,13:50,14:00,15:20,08:00,08:50,09:30,10:50,11:00,11:50,12:30,13:50,09:30,10:50,11:00,12:20,12:30,13:50,14:00,15:20,08:00,08:50,09:30,10:50,11:00,11:50,16:00,18:50,12:30,13:50,,,,,,,,,,,,,,,,,,,,,,,,,,,,,,,,,,,,,,,,,,,,,,,,,,,,,,,,,,,,,,,,,,,,,,,,,,,,,,,,,,,,,,,,,,,,,,,,,,,,,,,,,,,,
AH205,Boca,AH,205,Conference Room,25,false,false,false,false,false,,,,,,,,,,,,,,,,,,,,,,,,,,,,,,,14:00,14:50,,,,,,,,,,,,,,,,,,,,,,,,,,,,,,,,,,,,,,,,,,,,,,,,,,,,,,,,,,,,,,,,,,,,,,,,,,,,,,,,,,,,,,,,,,,,,,,,,,,,,,,,,,,,,,,,,,,,
AH206,Boca,AH,206,Instructional Computer Lab,22,false,false,false,false,false,11:00,12:50,16:00,17:50,,,09:00,10:50,13:00,14:50,16:00,17:50,,,11:00,12:50,16:00,17:50,,,,,09:00,10:50,13:00,14:50,16:00,17:50,,,,,,,,,,,,,,,,,,,,,,,,,,,,,,,,,,,,,,,,,,,,,,,,,,,,,,,,,,,,,,,,,,,,,,,,,,,,,,,,,,,,,,,,,,,,,,,,,,,,,,,,,,,,,,,,,,,,,,,,
AL102,Boca,AL,102,Stage,97,true,false,false,false,false,09:00,12:50,,,,,09:00,12:50,14:00,15:20,,,,,09:00,12:50,14:00,15:20,15:30,16:50,,,09:00,12:50,14:00,15:20,,,,,09:00,12:50,14:00,15:20,15:30,16:50,,,,,,,,,,,,,,,,,,,,,,,,,,,,,,,,,,,,,,,,,,,,,,,,,,,,,,,,,,,,,,,,,,,,,,,,,,,,,,,,,,,,,,,,,,,,,,,,,,,,,,,,,,,,,,,,
AL189,Boca,AL,189,Classroom,115,true,false,false,true,false,08:00,08:50,11:00,11:50,12:00,12:50,09:30,10:50,11:00,12:20,12:30,13:50,16:00,18:50,08:00,08:50,11:00,11:50,12:00,12:50,13:00,13:50,09:30,10:50,11:00,12:20,12:30,13:50,19:10,22:00,08:00,08:50,13:00,13:50,,,19:10,22:00,,,13:00,13:50,,,,,,,,,,,,,,,,,,,,,,,,,,,,,,,,,,,,,,,,,,,,,,,,,,,,,,,,,,,,,,,,,,,,,,,,,,,,,,,,,,,,,,,,,,,,,,,,,,,,,,,,,,
AL207,Boca,AL,207,Auditorium,256,false,false,false,false,false,09:30,10:50,13:00,14:50,,,,,,,,,,,09:30,10:50,13:00,14:50,,,,,,,,,,,,,09:00,11:50,13:00,14:50,,,,,,,,,,,,,,,,,,,,,,,,,,,,,,,,,,,,,,,,,,,,,,,,,,,,,,,,,,,,,,,,,,,,,,,,,,,,,,,,,,,,,,,,,,,,,,,,,,,,,,,,,,,,,,,,,,
AL219,Boca,AL,219,Classroom,137,true,false,false,false,false,07:00,08:00,10:00,10:50,13:30,14:50,10:00,10:50,12:30,13:50,14:00,15:50,19:30,21:30,10:00,10:50,13:30,14:50,15:00,16:50,17:00,18:30,10:00,10:50,12:30,13:50,14:00,15:50,,,12:00,12:50,15:00,16:50,,,,,,,15:00,16:50,,,,,,,,,,,,,,,,,,,,,,,,,,,,,,,,,,,,,,,,,,,,,,,,,,,,,,,,,,,,,,,,,,,,,,,,,,,,,,,,,,,,,,,,,,,,,,,,,,,,,,,,,,
AL240,Boca,AL,240,Instructional Computer Lab,34,false,false,false,false,false,16:00,19:50,18:30,21:20,,,18:30,21:20,,,,,,,09:00,11:50,09:30,10:50,16:00,19:50,18:30,21:20,09:00,12:50,14:00,17:50,,,,,09:30,10:50,11:00,13:50,,,,,,,,,,,,,,,,,,,,,,,,,,,,,,,,,,,,,,,,,,,,,,,,,,,,,,,,,,,,,,,,,,,,,,,,,,,,,,,,,,,,,,,,,,,,,,,,,,,,,,,,,,,,,,,,,,
AL242,Boca,AL,242,Classroom,38,false,false,false,false,false,11:00,11:50,12:00,12:50,13:00,13:50,09:30,10:50,11:00,12:20,14:00,15:20,15:30,16:50,09:30,10:50,11:00,12:20,15:00,15:50,,,09:30,10:50,11:00,12:20,14:00,15:20,15:30,16:50,09:30,10:50,11:00,12:20,,,,,,,14:00,16:50,,,,,,,,,,,,,,,,,,,,,,,,,,,,,,,,,,,,,,,,,,,,,,,,,,,,,,,,,,,,,,,,,,,,,,,,,,,,,,,,,,,,,,,,,,,,,,,,,,,,,,,,,,
AL247,Boca,AL,247,Classroom,39,true,false,false,false,false,09:00,09:50,10:00,10:50,11:00,11:50,,,,,,,,,09:00,09:50,10:00,10:50,11:00,11:50,,,17:00,18:40,,,,,,,07:00,08:00,10:00,10:50,,,,,,,,,,,,,,,,,,,,,,,,,,,,,,,,,,,,,,,,,,,,,,,,,,,,,,,,,,,,,,,,,,,,,,,,,,,,,,,,,,,,,,,,,,,,,,,,,,,,,,,,,,,,,,,,,,
AL248,Boca,AL,248,Classroom,50,false,false,false,false,false,08:00,08:50,09:00,09:50,10:00,10:50,08:00,08:50,15:00,16:50,,,,,08:00,08:50,09:00,09:50,10:00,10:50,,,08:00,08:50,14:00,16:50,,,,,08:00,08:50,09:00,09:50,10:00,10:50,,,,,17:00,18:50,,,,,,,,,,,,,,,,,,,,,,,,,,,,,,,,,,,,,,,,,,,,,,,,,,,,,,,,,,,,,,,,,,,,,,,,,,,,,,,,,,,,,,,,,,,,,,,,,,,,,,,,,,
AL260,Boca,AL,260,Classroom,103,true,false,false,false,false,08:00,08:50,10:00,10:50,15:00,16:50,09:00,09:50,10:00,10:50,11:00,12:20,12:30,14:50,08:00,08:50,10:00,10:50,15:00,16:50,17:00,19:30,09:00,09:50,10:00,10:50,11:00,12:20,12:30,14:50,11:00,11:50,14:00,14:50,15:00,16:50,,,17:00,19:30,17:00,19:30,13:30,15:20,15:00,16:50,15:30,16:50,17:00,18:50,13:30,15:20,15:00,16:50,15:30,16:50,,,,,,,,,,,,,,,,,,,,,,,,,,,,,,,,,,,,,,,,,,,,,,,,,,,,,,,,,,,,,,,,,,,,,,,,,,,,,,,,,,,,,,,,,,,,
AL337,Boca,AL,337,Video Production Lab,25,false,false,false,false,false,,,,,,,,,,,,,,,,,,,,,,,,,,,,,,,,,,,,,,,,,,,,,,,,,,,,,,,,,,,,,,,,,,,,,,,,,,,,,,,,,,,,,,,,,,,,,,,,,,,,,,,,,,,,,,,,,,,,,,,,,,,,,,,,,,,,,,,,,,,,,,,,,,,,
AL338,Boca,AL,338,Classroom,49,false,false,false,false,false,13:00,13:50,14:00,14:50,,,08:00,09:20,11:00,12:20,12:30,13:50,14:00,15:20,09:30,10:50,11:00,12:20,12:30,13:50,,,08:00,09:20,11:00,12:20,12:30,13:50,14:00,15:20,09:30,10:50,11:00,12:20,12:30,13:50,,,,,,,15:30,16:50,,,,,,,15:30,16:50,,,,,,,,,,,,,,,,,,,,,,,,,,,,,,,,,,,,,,,,,,,,,,,,,,,,,,,,,,,,,,,,,,,,,,,,,,,,,,,,,,,,,,,,,,,,,,,,
AL342,Boca,AL,342,Classroom,36,false,false,false,false,false,09:00,09:50,10:00,10:50,11:00,11:50,09:30,10:50,11:00,12:20,12:30,13:50,18:30,21:20,09:30,10:50,11:00,12:20,12:30,13:50,15:30,16:50,09:30,10:50,11:00,12:20,12:30,13:50,,,09:30,10:50,11:00,12:20,12:30,13:50,17:00,18:20,15:30,16:50,12:00,12:50,,,,,,,,,,,,,,,13:00,13:50,14:00,14:50,17:00,18:20,,,,,,,,,,,,,,,,,,,,,,,,,,,,,,,,,,,,,,,,,,,,,,,,,,,,,,,,,,,,,,,,,,,,,,,,,,,,,,,,,,,,,,
AL343,Boca,AL,343,Classroom,35,false,false,false,false,false,09:00,09:50,10:00,10:50,11:00,11:50,08:00,09:20,09:30,10:50,11:00,12:20,12:30,13:50,09:30,10:50,11:00,12:20,12:30,13:50,14:00,15:20,08:00,09:20,09:30,10:50,11:00,12:20,12:30,13:50,09:30,10:50,11:00,12:20,12:30,13:50,16:00,18:50,14:00,15:20,12:00,12:50,14:00,15:20,,,,,,,14:00,15:20,16:20,19:00,,,13:00,13:50,14:00,16:50,,,19:10,21:00,,,,,,,,,,,,,,,,,,,,,,,,,,,,,,,,,,,,,,,,,,,,,,,,,,,,,,,,,,,,,,,,,,,,,,,,,,,,,,,,,,,,
AL344,Boca,AL,344,Classroom,40,false,false,false,false,false,11:00,11:50,12:00,12:50,13:00,13:50,10:00,11:50,,,,,,,09:30,10:50,11:00,12:20,12:30,13:50,15:30,16:50,10:00,11:50,16:00,18:50,,,,,09:30,10:50,11:00,12:20,12:30,13:50,,,15:30,16:50,14:00,14:50,,,,,,,,,,,,,,,,,,,,,,,,,,,,,,,,,,,,,,,,,,,,,,,,,,,,,,,,,,,,,,,,,,,,,,,,,,,,,,,,,,,,,,,,,,,,,,,,,,,,,,,,,,
AL345,Boca,AL,345,Classroom,48,false,false,false,false,false,11:00,13:50,14:00,14:50,,,11:00,12:20,12:30,13:50,14:00,15:20,15:30,16:50,09:30,10:50,11:00,12:20,12:30,13:50,,,11:00,12:20,12:30,13:50,14:00,15:20,15:30,16:50,09:30,10:50,11:00,12:20,12:30,13:50,,,,,,,,,,,,,,,,,,,,,,,,,,,,,,,,,,,,,,,,,,,,,,,,,,,,,,,,,,,,,,,,,,,,,,,,,,,,,,,,,,,,,,,,,,,,,,,,,,,,,,,,,,,,,,,,
AL346,Boca,AL,346,Instructional Computer Lab,27,false,false,false,false,false,08:00,08:50,09:00,09:50,10:00,10:50,08:00,09:20,09:30,10:50,11:00,12:20,14:00,15:20,08:00,08:50,09:00,09:50,10:00,10:50,12:00,12:50,08:00,09:20,09:30,10:50,11:00,12:20,14:00,15:20,08:00,08:50,09:00,09:50,10:00,10:50,13:00,13:50,12:00,12:50,12:00,12:50,15:30,16:50,17:30,18:50,,,,,15:30,16:50,17:30,18:50,,,13:00,13:50,14:00,14:50,13:00,13:50,15:00,15:50,14:00,14:50,15:00,15:50,14:00,14:50,15:00,15:50,,,,,,,,,,,,,,,,,,,,,,,,,,,,,,,,,,,,,,,,,,,,,,,,,,,,,,,,,,,,,,,,,,,,,,,,,,,,
AL348,Boca,AL,348,Instructional Computer Lab,24,false,false,false,false,false,09:00,10:20,15:00,16:20,17:00,18:50,08:00,09:20,11:00,12:20,,,,,09:00,10:20,15:00,16:20,,,,,08:00,09:20,11:00,12:20,,,,,15:00,16:50,,,,,,,,,,,,,,,,,,,,,,,,,,,,,,,,,,,,,,,,,,,,,,,,,,,,,,,,,,,,,,,,,,,,,,,,,,,,,,,,,,,,,,,,,,,,,,,,,,,,,,,,,,,,,,,,,,,,
BC106,Boca,BC,106,Study Room,22,false,false,false,false,false,,,,,,,,,,,,,,,,,,,,,,,,,,,,,,,,,,,,,,,,,,,,,,,,,,,,,,,,,,,,,,,,,,,,,,,,,,,,,,,,,,,,,,,,,,,,,,,,,,,,,,,,,,,,,,,,,,,,,,,,,,,,,,,,,,,,,,,,,,,,,,,,,,,,
BC108,Boca,BC,108,Study Room,20,false,false,false,false,false,,,,,,,,,,,,,,,,,,,,,,,,,,,,,,,,,,,,,,,,,,,,,,,,,,,,,,,,,,,,,,,,,,,,,,,,,,,,,,,,,,,,,,,,,,,,,,,,,,,,,,,,,,,,,,,,,,,,,,,,,,,,,,,,,,,,,,,,,,,,,,,,,,,,
BC126,Boca,BC,126,Auditorium,115,true,true,true,false,true,,,,,,,,,,,,,,,,,,,,,,,,,,,,,,,,,,,,,,,,,,,,,,,,,,,,,,,,,,,,,,,,,,,,,,,,,,,,,,,,,,,,,,,,,,,,,,,,,,,,,,,,,,,,,,,,,,,,,,,,,,,,,,,,,,,,,,,,,,,,,,,,,,,,
BC128,Boca,BC,128,Classroom,82,true,true,true,false,true,,,,,,,,,,,,,,,,,,,,,,,,,,,,,,,,,,,,,,,,,,,,,,,,,,,,,,,,,,,,,,,,,,,,,,,,,,,,,,,,,,,,,,,,,,,,,,,,,,,,,,,,,,,,,,,,,,,,,,,,,,,,,,,,,,,,,,,,,,,,,,,,,,,,
BC130,Boca,BC,130,Classroom,80,true,true,true,false,true,,,,,,,,,,,,,,,,,,,,,,,,,,,,,,,,,,,,,,,,,,,,,,,,,,,,,,,,,,,,,,,,,,,,,,,,,,,,,,,,,,,,,,,,,,,,,,,,,,,,,,,,,,,,,,,,,,,,,,,,,,,,,,,,,,,,,,,,,,,,,,,,,,,,
BS103,Boca,BS,103,Classroom,42,true,true,false,false,false,09:00,09:50,10:00,10:50,,,14:00,15:20,,,,,,,,,,,,,,,14:00,15:20,,,,,,,09:00,09:50,10:00,10:50,11:00,11:50,,,14:00,14:50,,,,,,,,,,,,,,,,,,,,,,,,,,,,,,,,,,,,,,,,,,,,,,,,,,,,,,,,,,,,,,,,,,,,,,,,,,,,,,,,,,,,,,,,,,,,,,,,,,,,,,,,,,,,
BS105,Boca,BS,105,Conference Room,20,true,false,false,true,true,11:00,13:50,14:00,16:50,09:00,12:50,09:30,10:50,12:30,13:50,15:30,16:50,13:00,16:50,09:30,10:50,12:30,13:50,09:00,12:50,13:00,16:50,09:30,10:50,12:30,13:50,15:30,16:50,13:00,16:50,09:30,10:50,12:30,13:50,13:00,16:50,,,,,13:00,16:50,18:00,21:50,,,,,,,,,,,,,,,,,,,,,,,,,,,,,,,,,,,,,,,,,,,,,,,,,,,,,,,,,,,,,,,,,,,,,,,,,,,,,,,,,,,,,,,,,,,,,,,,,,,,,,,,
BS108,Boca,BS,108,Open Computer Lab,63,false,false,false,false,false,,,,,,,11:00,12:20,,,,,,,14:00,15:20,,,,,,,11:00,12:20,,,,,,,14:00,15:20,,,,,,,,,,,,,,,,,,,,,,,,,,,,,,,,,,,,,,,,,,,,,,,,,,,,,,,,,,,,,,,,,,,,,,,,,,,,,,,,,,,,,,,,,,,,,,,,,,,,,,,,,,,,,,,,,,,,
BS303,Boca,BS,303,Classroom,30,true,true,false,false,false,08:00,10:50,11:00,13:50,,,09:30,10:50,11:00,12:20,12:30,13:50,14:00,15:20,09:30,10:50,14:00,15:20,16:00,18:50,,,09:30,10:50,11:00,12:20,12:30,13:50,14:00,15:20,09:30,10:50,14:00,15:20,,,,,,,,,15:30,16:50,,,,,,,15:30,16:50,,,,,,,,,,,,,,,,,,,,,,,,,,,,,,,,,,,,,,,,,,,,,,,,,,,,,,,,,,,,,,,,,,,,,,,,,,,,,,,,,,,,,,,,,,,,,,,,
BU101,Boca,BU,101,Classroom,40,true,false,true,true,true,11:00,13:50,18:30,21:20,,,11:00,12:20,18:30,21:20,,,,,11:00,13:50,18:30,21:20,,,,,11:00,12:20,18:30,21:20,,,,,,,,,,,,,,,,,,,,,,,,,,,,,,,,,,,,,,,,,,,,,,,,,,,,,,,,,,,,,,,,,,,,,,,,,,,,,,,,,,,,,,,,,,,,,,,,,,,,,,,,,,,,,,,,,,,,,,,,,,
BU102,Boca,BU,102,Classroom,20,false,false,false,false,false,15:00,16:20,17:00,18:20,18:30,21:20,,,,,,,,,17:00,18:20,,,,,,,,,,,,,,,,,,,,,,,,,,,,,,,,,,,,,,,,,,,,,,,,,,,,,,,,,,,,,,,,,,,,,,,,,,,,,,,,,,,,,,,,,,,,,,,,,,,,,,,,,,,,,,,,,,,,,,,,,,,,,,,,,,,,
BU104,Boca,BU,104,Classroom,32,true,false,false,true,false,09:00,09:50,10:00,10:50,11:00,13:50,11:00,12:20,14:00,15:20,18:30,21:20,,,08:00,09:20,09:30,10:50,11:00,12:20,14:00,15:20,11:00,12:20,14:00,15:20,18:30,21:20,,,08:00,09:20,09:30,10:50,11:00,12:20,18:30,21:20,14:00,15:20,,,,,,,,,,,,,,,,,,,,,,,,,,,,,,,,,,,,,,,,,,,,,,,,,,,,,,,,,,,,,,,,,,,,,,,,,,,,,,,,,,,,,,,,,,,,,,,,,,,,,,,,,,,,
BU105,Boca,BU,105,Classroom,32,true,false,false,true,false,11:00,11:50,12:00,12:50,13:00,13:50,09:30,10:50,14:00,15:20,,,,,11:00,12:20,14:00,16:50,,,,,09:30,10:50,14:00,15:20,18:30,21:20,,,11:00,12:20,14:00,16:50,,,,,,,14:00,14:50,,,,,,,,,,,,,,,15:00,15:50,19:10,22:00,,,,,,,,,,,,,,,,,,,,,,,,,,,,,,,,,,,,,,,,,,,,,,,,,,,,,,,,,,,,,,,,,,,,,,,,,,,,,,,,,,,,,,,,
BU109,Boca,BU,109,Classroom,80,true,false,false,false,false,14:00,16:50,18:30,21:20,,,09:30,10:50,11:00,12:20,14:00,16:50,18:30,21:20,09:30,10:50,12:30,13:50,14:00,15:20,18:30,21:20,09:30,10:50,11:00,12:20,14:00,16:50,18:30,21:20,09:30,10:50,12:30,13:50,14:00,15:20,,,,,,,,,,,,,,,,,,,,,,,,,,,,,,,,,,,,,,,,,,,,,,,,,,,,,,,,,,,,,,,,,,,,,,,,,,,,,,,,,,,,,,,,,,,,,,,,,,,,,,,,,,,,,,,,
BU112,Boca,BU,112,Classroom,23,false,false,false,false,false,19:10,22:00,,,,,11:00,12:20,12:30,13:50,,,,,09:30,10:50,11:00,12:20,12:30,13:50,16:20,19:00,11:00,12:20,12:30,13:50,,,,,09:30,10:50,11:00,12:20,12:30,13:50,,,,,,,,,,,,,,,,,,,,,,,,,,,,,,,,,,,,,,,,,,,,,,,,,,,,,,,,,,,,,,,,,,,,,,,,,,,,,,,,,,,,,,,,,,,,,,,,,,,,,,,,,,,,,,,,
BU120,Boca,BU,120,Auditorium,288,true,false,false,false,false,,,,,,,08:00,09:20,09:30,10:50,11:00,12:20,12:30,13:50,09:30,10:50,11:00,12:20,12:30,13:50,14:00,15:20,08:00,09:20,09:30,10:50,11:00,12:20,12:30,13:50,09:30,10:50,11:00,12:20,12:30,13:50,,,14:00,15:20,,,14:00,15:20,16:00,17:20,,,,,14:00,15:20,16:00,17:20,18:30,21:20,,,,,,,,,,,,,,,,,,,,,,,,,,,,,,,,,,,,,,,,,,,,,,,,,,,,,,,,,,,,,,,,,,,,,,,,,,,,,,,,,,,,,,,,,,,,
BU201,Boca,BU,201,Open Computer Lab,44,false,false,false,false,false,,,,,,,,,,,,,,,,,,,,,,,,,,,,,,,,,,,,,,,,,,,,,,,,,,,,,,,,,,,,,,,,,,,,,,,,,,,,,,,,,,,,,,,,,,,,,,,,,,,,,,,,,,,,,,,,,,,,,,,,,,,,,,,,,,,,,,,,,,,,,,,,,,,,
BU207,Boca,BU,207,Classroom,40,true,false,false,false,false,11:00,13:50,14:00,16:50,18:30,21:20,08:00,09:20,09:30,10:50,11:00,12:20,12:30,13:50,08:00,09:20,09:30,10:50,11:00,12:20,12:30,13:50,08:00,09:20,09:30,10:50,11:00,12:20,12:30,13:50,08:00,09:20,09:30,10:50,11:00,12:20,14:00,15:20,12:30,13:50,14:00,16:50,14:00,15:20,15:30,16:50,18:30,21:20,18:30,21:20,14:00,15:20,15:30,16:50,18:30,21:20,,,,,14:00,15:20,,,18:30,21:20,,,,,,,,,,,,,,,,,,,,,,,,,,,,,,,,,,,,,,,,,,,,,,,,,,,,,,,,,,,,,,,,,,,,,,,,,,,,,,,,,,
BU208,Boca,BU,208,Classroom,40,true,false,false,true,false,09:00,09:50,10:00,10:50,11:00,13:50,08:00,09:20,09:30,10:50,11:00,13:50,14:00,16:50,09:30,10:50,11:00,13:50,14:00,16:50,17:30,18:50,08:00,09:20,09:30,10:50,11:00,13:50,14:00,16:50,09:30,10:50,11:00,13:50,14:00,16:50,18:30,21:20,,,14:00,16:50,18:30,21:20,18:30,21:20,,,,,18:30,21:20,,,,,17:30,18:50,19:10,22:00,,,,,,,,,,,,,,,,,,,,,,,,,,,,,,,,,,,,,,,,,,,,,,,,,,,,,,,,,,,,,,,,,,,,,,,,,,,,,,,,,,,,,,,,
BU210,Boca,BU,210,Classroom,23,false,false,false,false,false,,,,,,,08:00,10:50,11:00,13:50,,,,,09:30,10:50,11:00,12:20,12:30,13:50,14:00,16:50,11:00,13:50,,,,,,,09:30,10:50,11:00,12:20,12:30,13:50,,,,,,,,,,,,,,,,,,,,,,,,,,,,,,,,,,,,,,,,,,,,,,,,,,,,,,,,,,,,,,,,,,,,,,,,,,,,,,,,,,,,,,,,,,,,,,,,,,,,,,,,,,,,,,,,
BU302,Boca,BU,302,Classroom,40,false,false,true,false,false,13:00,15:50,,,,,09:00,10:20,14:00,15:20,,,,,09:00,11:50,,,,,,,09:00,10:20,14:00,15:20,,,,,,,,,,,,,,,,,,,,,,,,,,,,,,,,,,,,,,,,,,,,,,,,,,,,,,,,,,,,,,,,,,,,,,,,,,,,,,,,,,,,,,,,,,,,,,,,,,,,,,,,,,,,,,,,,,,,,,,,,,
BU303,Boca,BU,303,Classroom,40,false,false,true,false,false,09:00,11:50,13:00,15:50,,,09:00,10:20,11:00,12:20,14:00,15:20,,,09:00,10:20,,,,,,,09:00,10:20,11:00,12:20,14:00,15:20,,,09:00,10:20,,,,,,,,,,,,,,,,,,,,,,,,,,,,,,,,,,,,,,,,,,,,,,,,,,,,,,,,,,,,,,,,,,,,,,,,,,,,,,,,,,,,,,,,,,,,,,,,,,,,,,,,,,,,,,,,,,,,
BU307,Boca,BU,307,Classroom,40,false,false,false,false,false,11:00,13:50,16:00,17:20,18:30,21:20,09:30,10:50,11:00,13:50,14:00,15:20,,,11:00,12:20,12:30,13:50,16:00,17:20,18:30,21:20,09:30,10:50,11:00,13:50,14:00,15:20,18:30,21:20,08:00,10:50,11:00,12:20,12:30,13:50,,,,,,,,,,,,,,,,,,,,,,,,,,,,,,,,,,,,,,,,,,,,,,,,,,,,,,,,,,,,,,,,,,,,,,,,,,,,,,,,,,,,,,,,,,,,,,,,,,,,,,,,,,,,,,,,
BU308,Boca,BU,308,Classroom,40,false,false,false,false,false,11:00,13:50,18:30,21:20,,,09:30,10:50,11:00,12:20,12:30,13:50,14:00,15:20,09:30,10:50,11:00,12:20,12:30,13:50,14:00,16:50,09:30,10:50,11:00,12:20,12:30,13:50,14:00,15:20,09:30,10:50,11:00,12:20,12:30,13:50,18:30,21:20,,,,,18:30,21:20,,,,,,,18:30,21:20,,,,,,,,,,,,,,,,,,,,,,,,,,,,,,,,,,,,,,,,,,,,,,,,,,,,,,,,,,,,,,,,,,,,,,,,,,,,,,,,,,,,,,,,,,,,,,,,
BU321,Boca,BU,321,Conference Room,25,true,false,false,true,true,,,,,,,,,,,,,,,,,,,,,,,,,,,,,,,,,,,,,,,,,,,,,,,,,,,,,,,,,,,,,,,,,,,,,,,,,,,,,,,,,,,,,,,,,,,,,,,,,,,,,,,,,,,,,,,,,,,,,,,,,,,,,,,,,,,,,,,,,,,,,,,,,,,,
BU401,Boca,BU,401,Instructional Computer Lab,37,false,false,false,false,false,11:00,13:50,16:00,18:50,,,14:00,15:20,18:30,21:20,,,,,12:30,13:50,18:30,21:20,,,,,14:00,15:20,,,,,,,12:30,13:50,,,,,,,,,,,,,,,,,,,,,,,,,,,,,,,,,,,,,,,,,,,,,,,,,,,,,,,,,,,,,,,,,,,,,,,,,,,,,,,,,,,,,,,,,,,,,,,,,,,,,,,,,,,,,,,,,,,,
BU402,Boca,BU,402,Classroom,22,false,false,false,false,false,,,,,,,,,,,,,,,,,,,,,,,,,,,,,,,,,,,,,,,,,,,,,,,,,,,,,,,,,,,,,,,,,,,,,,,,,,,,,,,,,,,,,,,,,,,,,,,,,,,,,,,,,,,,,,,,,,,,,,,,,,,,,,,,,,,,,,,,,,,,,,,,,,,,
BU403,Boca,BU,403,Classroom,26,false,false,false,false,false,14:00,16:50,18:30,21:20,,,09:30,10:50,11:00,12:20,12:30,13:50,14:00,15:20,11:00,13:50,,,,,,,09:30,10:50,11:00,12:20,12:30,13:50,14:00,15:20,,,,,,,,,,,,,,,,,,,,,,,,,,,,,,,,,,,,,,,,,,,,,,,,,,,,,,,,,,,,,,,,,,,,,,,,,,,,,,,,,,,,,,,,,,,,,,,,,,,,,,,,,,,,,,,,,,,,,,
BU405,Boca,BU,405,Instructional Computer Lab,40,false,false,false,false,false,11:00,13:50,18:30,21:20,,,11:00,13:50,,,,,,,09:30,10:50,12:30,13:50,18:30,21:20,18:30,21:20,11:00,13:50,15:30,16:50,18:30,21:20,,,09:30,10:50,12:30,13:50,,,,,,,,,,,,,,,,,,,,,,,,,,,,,,,,,,,,,,,,,,,,,,,,,,,,,,,,,,,,,,,,,,,,,,,,,,,,,,,,,,,,,,,,,,,,,,,,,,,,,,,,,,,,,,,,,,
BU409,Boca,BU,409,Classroom,40,false,false,false,false,false,13:00,13:50,14:00,16:50,18:30,21:20,14:00,16:50,18:30,21:20,,,,,09:30,10:50,11:00,12:20,12:30,13:50,18:30,21:20,11:00,13:50,14:00,16:50,18:30,21:20,,,09:30,10:50,11:00,12:20,12:30,13:50,,,,,,,,,,,,,,,,,,,,,,,,,,,,,,,,,,,,,,,,,,,,,,,,,,,,,,,,,,,,,,,,,,,,,,,,,,,,,,,,,,,,,,,,,,,,,,,,,,,,,,,,,,,,,,,,
BU410,Boca,BU,410,Classroom,40,false,false,false,false,false,14:00,16:50,18:30,21:20,,,11:00,12:20,12:30,13:50,14:00,15:20,18:30,21:20,09:30,10:50,11:00,13:50,18:30,21:20,14:00,15:20,11:00,12:20,12:30,13:50,14:00,15:20,18:30,21:20,09:30,10:50,14:00,15:20,15:30,16:50,15:30,16:50,,,,,10:00,11:20,12:30,13:50,14:00,14:50,08:00,09:20,10:00,11:20,12:30,13:50,08:00,09:20,,,,,,,,,,,,,,,,,11:00,12:20,14:00,15:20,15:30,16:50,11:00,12:20,14:00,15:20,15:30,16:50,,,,,,,,,,,,,,,,,,,,,,,,,,,,,,,,,,,,,,,,,,,,,,,,,,,,,,,,,,,,,,,,
BU411,Boca,BU,411,Classroom,24,false,false,false,false,false,,,,,,,09:30,10:50,11:00,12:20,,,,,09:30,10:50,11:00,12:20,14:00,16:50,,,09:30,10:50,11:00,12:20,,,,,09:30,10:50,11:00,12:20,,,,,,,,,,,,,,,,,,,,,,,,,,,,,,,,,,,,,,,,,,,,,,,,,,,,,,,,,,,,,,,,,,,,,,,,,,,,,,,,,,,,,,,,,,,,,,,,,,,,,,,,,,,,,,,,,,
CE102,Boca,CE,102,Classroom,22,false,false,false,false,false,,,,,,,,,,,,,,,,,,,,,,,,,,,,,,,,,,,,,,,,,,,,,,,,,,,,,,,,,,,,,,,,,,,,,,,,,,,,,,,,,,,,,,,,,,,,,,,,,,,,,,,,,,,,,,,,,,,,,,,,,,,,,,,,,,,,,,,,,,,,,,,,,,,,
CE103,Boca,CE,103,Classroom,22,false,false,false,false,false,,,,,,,,,,,,,,,,,,,,,,,,,,,,,,,,,,,,,,,,,,,,,,,,,,,,,,,,,,,,,,,,,,,,,,,,,,,,,,,,,,,,,,,,,,,,,,,,,,,,,,,,,,,,,,,,,,,,,,,,,,,,,,,,,,,,,,,,,,,,,,,,,,,,
CM125,Boca,CM,125,Classroom,30,true,true,true,true,true,11:00,12:50,17:30,18:50,,,08:00,09:20,09:30,10:50,11:00,12:20,12:30,13:50,09:30,10:50,11:00,12:20,14:00,15:20,17:30,18:50,08:00,09:20,09:30,10:50,11:00,12:20,12:30,13:50,09:30,10:50,11:00,12:20,14:00,15:20,19:10,22:00,,,,,14:00,15:20,19:10,22:00,,,,,14:00,15:20,16:20,19:00,19:10,22:00,,,,,,,,,,,,,,,,,,,,,,,,,,,,,,,,,,,,,,,,,,,,,,,,,,,,,,,,,,,,,,,,,,,,,,,,,,,,,,,,,,,,,,,,,,,,
CM127,Boca,CM,127,Conference Room,12,false,false,false,false,false,,,,,,,,,,,,,,,,,,,,,,,,,,,,,,,,,,,,,,,,,,,,,,,,,,,,,,,,,,,,,,,,,,,,,,,,,,,,,,,,,,,,,,,,,,,,,,,,,,,,,,,,,,,,,,,,,,,,,,,,,,,,,,,,,,,,,,,,,,,,,,,,,,,,
CM128,Boca,CM,128,Classroom,30,true,false,true,true,false,16:00,18:50,,,,,08:00,09:20,11:00,12:20,12:30,13:50,,,09:30,10:50,12:30,13:50,16:00,18:50,,,08:00,09:20,11:00,12:20,12:30,13:50,,,09:30,10:50,12:30,13:50,,,,,,,,,,,,,,,,,,,,,,,,,,,,,,,,,,,,,,,,,,,,,,,,,,,,,,,,,,,,,,,,,,,,,,,,,,,,,,,,,,,,,,,,,,,,,,,,,,,,,,,,,,,,,,,,,,
CM130,Boca,CM,130,Classroom,40,true,true,true,true,true,16:00,18:50,19:10,22:00,,,11:00,12:20,12:30,13:50,14:00,15:20,19:10,22:00,09:30,10:50,11:00,12:20,16:00,18:50,,,11:00,12:20,12:30,13:50,14:00,15:20,19:10,22:00,09:30,10:50,11:00,12:20,,,,,,,,,,,,,,,,,,,,,,,,,,,,,,,,,,,,,,,,,,,,,,,,,,,,,,,,,,,,,,,,,,,,,,,,,,,,,,,,,,,,,,,,,,,,,,,,,,,,,,,,,,,,,,,,,,
CM133,Boca,CM,133,Conference Room,32,true,true,false,true,true,,,,,,,,,,,,,,,,,,,,,,,,,,,,,,,,,,,,,,,,,,,,,,,,,,,,,,,,,,,,,,,,,,,,,,,,,,,,,,,,,,,,,,,,,,,,,,,,,,,,,,,,,,,,,,,,,,,,,,,,,,,,,,,,,,,,,,,,,,,,,,,,,,,,
CM142,Boca,CM,142,Open Computer Lab,52,false,false,false,false,false,,,,,,,,,,,,,,,,,,,,,,,,,,,,,,,,,,,,,,,,,,,,,,,,,,,,,,,,,,,,,,,,,,,,,,,,,,,,,,,,,,,,,,,,,,,,,,,,,,,,,,,,,,,,,,,,,,,,,,,,,,,,,,,,,,,,,,,,,,,,,,,,,,,,
CM146,Boca,CM,146,Instructional Computer Lab,32,true,false,false,false,false,,,,,,,,,,,,,,,,,,,,,,,,,,,,,,,,,,,,,,,,,,,,,,,,,,,,,,,,,,,,,,,,,,,,,,,,,,,,,,,,,,,,,,,,,,,,,,,,,,,,,,,,,,,,,,,,,,,,,,,,,,,,,,,,,,,,,,,,,,,,,,,,,,,,
CM212,Boca,CM,212,Conference Room,6,true,false,false,false,false,,,,,,,,,,,,,,,,,,,,,,,,,,,,,,,,,,,,,,,,,,,,,,,,,,,,,,,,,,,,,,,,,,,,,,,,,,,,,,,,,,,,,,,,,,,,,,,,,,,,,,,,,,,,,,,,,,,,,,,,,,,,,,,,,,,,,,,,,,,,,,,,,,,,
CM251,Boca,CM,251,Conference Room,10,true,false,false,false,false,,,,,,,,,,,,,,,,,,,,,,,,,,,,,,,,,,,,,,,,,,,,,,,,,,,,,,,,,,,,,,,,,,,,,,,,,,,,,,,,,,,,,,,,,,,,,,,,,,,,,,,,,,,,,,,,,,,,,,,,,,,,,,,,,,,,,,,,,,,,,,,,,,,,
CM262,Boca,CM,262,Conference Room,6,true,false,false,false,false,,,,,,,,,,,,,,,,,,,,,,,,,,,,,,,,,,,,,,,,,,,,,,,,,,,,,,,,,,,,,,,,,,,,,,,,,,,,,,,,,,,,,,,,,,,,,,,,,,,,,,,,,,,,,,,,,,,,,,,,,,,,,,,,,,,,,,,,,,,,,,,,,,,,
CR174,Boca,CR,174,Classroom,70,true,false,false,true,false,,,,,,,,,,,,,,,,,,,,,,,,,,,,,,,,,,,,,,,,,,,,,,,,,,,,,,,,,,,,,,,,,,,,,,,,,,,,,,,,,,,,,,,,,,,,,,,,,,,,,,,,,,,,,,,,,,,,,,,,,,,,,,,,,,,,,,,,,,,,,,,,,,,,
CU107,Boca,CU,107,Theatre,46,false,false,false,false,false,,,,,,,13:00,16:50,18:00,20:50,,,,,12:00,13:50,,,,,,,13:00,16:50,,,,,,,12:00,13:50,,,,,,,,,,,,,,,,,,,,,,,,,,,,,,,,,,,,,,,,,,,,,,,,,,,,,10:00,14:00,,,,,,,,,,,,,,,,,,,,,,,,,,,,,,,,,,,,,,,,,,,,,,,,,,,,,,,,,,,,,,
CU109,Boca,CU,109,Theatre,46,false,false,false,false,false,09:00,12:50,,,,,09:00,12:50,,,,,,,09:00,12:50,13:00,16:50,,,,,13:00,16:50,18:00,21:50,,,,,09:00,09:50,10:00,10:50,11:00,11:50,,,12:00,12:50,,,,,,,,,,,,,,,,,,,,,13:00,13:50,,,,,,,,,,,,,,,,,,,,,,,,,,,,,,,,,,,,,,,,,,,,,,,,,,,,,,,,,,,,,,,,,,,,,,,,,,,,,,,,,,,,,,
CU110,Boca,CU,110,Theatre,46,false,false,false,false,false,,,,,,,,,,,,,,,,,,,,,,,,,,,,,,,,,,,,,,,,,,,,,,,,,,,,,,,,,,,,,,,,,,,,,,,,,,,,,,,,,,,,,,,,,,,,,,,,,,,,,,,,,,,,,,,,,,,,,,,,,,,,,,,,,,,,,,,,,,,,,,,,,,,,
CU118,Boca,CU,118,Classroom,28,false,false,false,false,false,09:00,09:50,10:00,10:50,11:00,11:50,08:00,09:20,09:30,10:50,11:00,12:20,12:30,13:50,09:00,09:50,10:00,10:50,11:00,11:50,12:00,12:50,08:00,09:20,09:30,10:50,11:00,12:20,12:30,13:50,09:00,09:50,10:00,10:50,11:00,11:50,13:00,13:50,12:00,12:50,12:00,12:50,,,,,,,,,,,,,,,13:00,13:50,14:00,14:50,13:00,13:50,,,18:30,21:20,,,19:10,22:00,,,,,,,,,,,,,,,,,,,,,,,,,,,,,,,,,,,,,,,,,,,,,,,,,,,,,,,,,,,,,,,,,,,,,,,,,,,,,,
CU119,Boca,CU,119,Classroom,24,false,false,false,false,false,08:00,08:50,09:00,09:50,10:00,10:50,08:00,09:20,09:30,10:50,11:00,12:20,12:30,13:50,08:00,08:50,09:00,09:50,10:00,10:50,11:00,11:50,08:00,09:20,09:30,10:50,11:00,12:20,12:30,13:50,08:00,08:50,09:00,09:50,10:00,10:50,12:00,12:50,11:00,11:50,11:00,11:50,14:00,15:20,15:30,16:50,,,,,14:00,15:20,15:30,16:50,,,12:00,12:50,13:00,13:50,12:00,12:50,,,13:00,13:50,14:00,15:20,13:00,13:50,14:00,15:20,,,,,,,,,,,,,,,15:30,16:50,15:30,16:50,19:10,22:00,,,,,,,,,,,,,,,,,,,,,,,,,,,,,,,,,,,,,,,,,,,,,,,,,,,,,,,,
CU120,Boca,CU,120,Classroom,28,false,false,false,false,false,09:00,09:50,13:00,13:50,18:30,21:20,08:00,09:20,09:30,10:50,11:00,12:20,12:30,13:50,09:00,09:50,13:00,13:50,15:00,16:50,,,08:00,09:20,09:30,10:50,11:00,12:20,12:30,13:50,09:00,09:50,13:00,13:50,19:10,22:00,,,,,,,14:00,15:20,15:30,16:50,,,,,14:00,15:20,15:30,16:50,,,,,,,,,,,,,,,,,,,,,,,,,,,,,,,,,,,,,,,,,,,,,,,,,,,,,,,,,,,,,,,,,,,,,,,,,,,,,,,,,,,,,,,,,,,,,,
CU121,Boca,CU,121,Classroom,28,false,false,false,false,false,09:00,09:50,10:00,10:50,11:00,11:50,09:30,10:50,11:00,12:20,12:30,13:50,16:00,18:50,09:00,09:50,10:00,10:50,11:00,11:50,12:00,12:50,09:30,10:50,11:00,12:20,12:30,13:50,,,09:00,09:50,10:00,10:50,11:00,11:50,13:00,13:50,12:00,12:50,12:00,12:50,,,,,,,,,,,,,,,13:00,13:50,,,13:00,13:50,,,19:10,22:00,,,,,,,,,,,,,,,,,,,,,,,,,,,,,,,,,,,,,,,,,,,,,,,,,,,,,,,,,,,,,,,,,,,,,,,,,,,,,,,,,,
CU122,Boca,CU,122,Classroom,26,false,false,false,false,false,15:00,15:50,16:00,16:50,,,08:00,09:20,09:30,10:50,11:00,12:20,12:30,13:50,08:00,09:20,09:30,10:50,11:00,12:20,12:30,13:50,08:00,09:20,09:30,10:50,11:00,12:20,12:30,13:50,08:00,09:20,09:30,10:50,11:00,12:20,15:00,15:50,12:30,13:50,,,14:00,15:20,,,,,,,14:00,15:20,,,,,,,,,15:00,15:50,,,16:00,16:50,,,16:00,16:50,,,,,,,,,,,,,,,,,,,,,,,,,,,,,,,,,,,,,,,,,,,,,,,,,,,,,,,,,,,,,,,,,,,,,,,,,,,,,,
CU123,Boca,CU,123,Classroom,26,false,false,false,false,false,08:00,08:50,09:00,09:50,10:00,10:50,08:00,09:20,10:00,11:50,12:00,13:50,14:00,15:20,08:00,08:50,09:00,09:50,10:00,10:50,11:00,12:20,08:00,09:20,10:00,11:50,12:00,13:50,14:00,15:20,08:00,08:50,09:00,09:50,10:00,10:50,12:30,13:50,11:00,12:20,14:00,14:50,15:30,16:50,,,,,,,15:30,16:50,,,,,15:00,15:50,,,12:30,13:50,,,14:00,14:50,15:00,15:50,14:00,14:50,15:00,15:50,,,,,,,,,,,,,,,16:00,18:50,,,,,,,,,,,,,,,,,,,,,,,,,,,,,,,,,,,,,,,,,,,,,,,,,,,,,,,,,,,,
CU124,Boca,CU,124,Classroom,26,false,false,false,false,false,08:00,08:50,09:00,09:50,10:00,10:50,08:00,09:20,09:30,10:50,11:00,12:20,12:30,13:50,08:00,08:50,09:00,09:50,10:00,10:50,11:00,11:50,08:00,09:20,09:30,10:50,11:00,12:20,12:30,13:50,08:00,08:50,09:00,09:50,10:00,10:50,12:00,12:50,11:00,11:50,11:00,11:50,14:00,15:20,15:30,16:50,,,,,14:00,15:20,15:30,16:50,,,12:00,12:50,13:00,13:50,12:00,12:50,,,13:00,13:50,14:00,15:20,13:00,13:50,14:00,15:20,,,,,,,,,,,,,,,16:00,18:50,,,,,,,,,,,,,,,,,,,,,,,,,,,,,,,,,,,,,,,,,,,,,,,,,,,,,,,,,,,,
CU125,Boca,CU,125,Classroom,26,false,false,false,false,false,08:00,08:50,09:00,09:50,10:00,10:50,08:00,09:20,09:30,10:50,11:00,12:20,12:30,13:50,08:00,08:50,09:00,09:50,10:00,10:50,11:00,11:50,08:00,09:20,09:30,10:50,11:00,12:20,12:30,13:50,08:00,08:50,09:00,09:50,10:00,10:50,12:00,12:50,11:00,11:50,11:00,11:50,14:00,15:20,15:30,16:50,,,,,14:00,15:20,15:30,16:50,,,12:00,12:50,13:00,13:50,12:00,12:50,,,13:00,13:50,,,13:00,13:50,,,,,,,,,,,,,,,,,,,,,,,,,,,,,,,,,,,,,,,,,,,,,,,,,,,,,,,,,,,,,,,,,,,,,,,,,,,,,,
CU126,Boca,CU,126,Classroom,28,false,false,false,false,false,09:00,09:50,10:00,10:50,13:00,13:50,09:30,10:50,11:00,12:20,12:30,13:50,14:00,15:20,09:00,09:50,10:00,10:50,11:00,12:20,13:00,13:50,09:30,10:50,11:00,12:20,12:30,13:50,14:00,15:20,09:00,09:50,10:00,10:50,11:00,12:20,14:00,15:20,13:00,13:50,,,16:00,18:50,,,,,,,,,,,,,,,,,14:00,15:20,,,,,,,,,,,,,,,,,,,,,,,,,,,,,,,,,,,,,,,,,,,,,,,,,,,,,,,,,,,,,,,,,,,,,,,,,,,,,,,,,,,,,,
CU127,Boca,CU,127,Classroom,26,false,false,false,false,false,09:00,09:50,14:00,14:50,,,09:30,10:50,11:00,12:20,12:30,13:50,14:00,15:20,09:00,09:50,11:00,12:20,14:00,14:50,,,09:30,10:50,11:00,12:20,12:30,13:50,14:00,15:20,09:00,09:50,11:00,12:20,14:00,14:50,,,,,,,15:30,16:50,,,,,,,15:30,16:50,,,,,,,,,,,,,,,,,,,,,,,,,,,,,,,,,,,,,,,,,,,,,,,,,,,,,,,,,,,,,,,,,,,,,,,,,,,,,,,,,,,,,,,,,,,,,,,,
CU128,Boca,CU,128,Classroom,28,true,false,false,false,false,09:00,09:50,11:00,13:50,,,09:30,10:50,11:00,12:20,12:30,13:50,16:00,18:50,09:00,09:50,11:00,12:20,12:30,13:50,,,09:30,10:50,11:00,12:20,12:30,13:50,16:00,18:50,09:00,09:50,11:00,12:20,12:30,13:50,,,,,,,,,,,,,,,,,,,,,,,,,,,,,,,,,,,,,,,,,,,,,,,,,,,,,,,,,,,,,,,,,,,,,,,,,,,,,,,,,,,,,,,,,,,,,,,,,,,,,,,,,,,,,,,,
CU129,Boca,CU,129,Classroom,28,true,false,false,false,false,12:00,12:50,,,,,09:30,10:50,11:00,12:20,12:30,13:50,14:00,15:20,09:30,10:50,12:00,12:50,,,,,09:30,10:50,11:00,12:20,12:30,13:50,14:00,15:20,09:30,10:50,12:00,12:50,,,,,,,,,16:00,17:50,,,,,,,16:00,17:50,,,,,,,,,,,,,,,,,,,,,,,,,,,,,,,,,,,,,,,,,,,,,,,,,,,,,,,,,,,,,,,,,,,,,,,,,,,,,,,,,,,,,,,,,,,,,,,,
CU130,Boca,CU,130,Classroom,24,false,false,false,false,false,14:00,14:50,,,,,08:00,09:20,09:30,10:50,11:00,12:20,12:30,13:50,08:00,09:20,09:30,10:50,11:00,12:20,12:30,13:50,08:00,09:20,09:30,10:50,11:00,12:20,12:30,13:50,08:00,09:20,09:30,10:50,11:00,12:20,14:00,14:50,12:30,13:50,,,14:00,15:20,16:00,17:50,,,,,14:00,15:20,16:00,17:50,,,,,,,14:00,14:50,,,,,,,,,,,,,,,,,,,,,,,,,,,,,,,,,,,,,,,,,,,,,,,,,,,,,,,,,,,,,,,,,,,,,,,,,,,,,,,,,,,,,,
CU131,Boca,CU,131,Classroom,28,true,false,false,false,false,11:00,11:50,13:00,13:50,,,09:30,10:50,11:00,13:50,14:00,15:50,17:00,18:20,08:00,09:20,09:30,10:50,11:00,11:50,13:00,13:50,09:30,10:50,11:00,13:50,14:00,15:50,17:00,18:20,08:00,09:20,09:30,10:50,11:00,11:50,14:00,15:20,13:00,13:50,,,18:30,21:20,,,,,,,,,,,,,,,,,14:00,15:20,,,15:30,16:50,,,15:30,16:50,,,,,,,,,,,,,,,,,,,,,,,,,,,,,,,,,,,,,,,,,,,,,,,,,,,,,,,,,,,,,,,,,,,,,,,,,,,,,,
CU249,Boca,CU,249,Conference Room,19,false,false,false,false,false,16:00,18:50,,,,,16:00,18:50,,,,,,,,,,,,,,,16:20,19:00,,,,,,,,,,,,,,,,,,,,,,,,,,,,,,,,,,,,,,,,,,,,,,,,,,,,,,,,,,,,,,,,,,,,,,,,,,,,,,,,,,,,,,,,,,,,,,,,,,,,,,,,,,,,,,,,,,,,,,,,,,,,
CU321,Boca,CU,321,Classroom,18,false,false,false,false,false,16:00,18:50,,,,,16:00,18:50,19:10,22:00,,,,,16:00,18:50,19:10,22:00,,,,,16:00,18:50,19:10,22:00,,,,,16:00,18:50,,,,,,,,,,,,,,,,,,,,,,,,,,,,,,,,,,,,,,,,,,,,,,,,,,,,,,,,,,,,,,,,,,,,,,,,,,,,,,,,,,,,,,,,,,,,,,,,,,,,,,,,,,,,,,,,,,,,
CU321A,Boca,CU,321A,Classroom,15,false,false,false,false,false,,,,,,,,,,,,,,,13:00,15:50,,,,,,,,,,,,,,,,,,,,,,,,,,,,,,,,,,,,,,,,,,,,,,,,,,,,,,,,,,,,,,,,,,,,,,,,,,,,,,,,,,,,,,,,,,,,,,,,,,,,,,,,,,,,,,,,,,,,,,,,,,,,,,,,,,,,
ED111,Boca,ED,111,Classroom,24,false,false,false,false,false,11:00,12:20,,,,,09:30,10:50,11:00,12:20,12:30,13:50,14:00,15:20,09:30,10:50,11:00,12:20,16:20,19:00,,,09:30,10:50,11:00,12:20,12:30,13:50,14:00,15:20,09:30,10:50,,,,,,,,,,,16:20,19:00,,,,,,,,,,,,,,,,,,,,,,,,,,,,,,,,,,,,,,,,,,,,,,,,,,,,,,,,,,,,,,,,,,,,,,,,,,,,,,,,,,,,,,,,,,,,,,,,,,,,,,,,
ED112,Boca,ED,112,Classroom,38,false,false,false,false,false,14:00,16:50,18:30,21:20,,,11:00,12:20,12:30,13:50,14:00,15:20,18:30,21:20,09:30,10:50,11:00,12:20,16:20,19:00,11:00,13:50,11:00,12:20,12:30,13:50,14:00,15:20,18:00,20:50,09:30,10:50,11:00,12:20,,,18:30,21:20,,,,,,,,,,,,,16:00,18:50,,,,,,,,,,,,,,,,,,,,,,,,,,,,,,,,,,,,,,,,,,,,,,,,,,,,,,,,,,,,,,,,,,,,,,,,,,,,,,,,,,,,,,,,,,,,,,,,
ED113,Boca,ED,113, Classroom,37,false,false,false,false,false,16:20,19:00,,,,,09:30,10:50,11:00,12:20,12:30,13:50,14:00,15:20,11:00,12:20,16:20,19:00,09:30,10:50,12:30,13:50,09:30,10:50,11:00,12:20,12:30,13:50,14:00,15:20,09:00,09:50,10:00,10:50,11:00,12:20,,,13:00,13:50,,,14:00,15:20,,,,,,,16:20,19:00,14:00,15:20,15:30,17:30,,,,,09:30,10:50,,,,,,,12:30,13:50,,,,,,,,,,,,,,,,,,,,,,,,,,,,,,,,,,,,,,,,,,,,,,,,,,,,,,,,,,,,,,,,,,,,,,,,,,,,,,
ED114,Boca,ED,114,Classroom,37,false,false,false,false,false,14:00,16:50,,,,,09:30,10:50,11:00,12:20,14:00,15:20,,,10:00,11:50,16:20,19:00,,,,,09:30,10:50,11:00,12:20,14:00,15:20,18:30,21:20,10:00,11:50,,,,,,,,,,,,,,,,,,,,,,,,,,,,,,,,,,,,,,,,,,,,,,,,,,,,,,,,,,,,,,,,,,,,,,,,,,,,,,,,,,,,,,,,,,,,,,,,,,,,,,,,,,,,,,,,,,,,
ED115,Boca,ED,115,Classroom,44,true,false,false,false,false,16:20,19:00,,,,,09:30,10:50,11:00,12:20,12:30,13:50,14:00,16:50,16:20,19:00,,,,,,,09:30,10:50,11:00,12:20,12:30,13:50,16:20,19:00,,,,,,,,,,,,,,,,,,,,,,,,,,,,,,,,,,,,,,,,,,,,,,,,,,,,,,,,,,,,,,,,,,,,,,,,,,,,,,,,,,,,,,,,,,,,,,,,,,,,,,,,,,,,,,,,,,,,,,
ED116,Boca,ED,116,Classroom,41,true,false,false,false,false,16:20,19:00,,,,,09:30,10:50,11:00,12:20,12:30,13:50,14:00,15:20,11:00,13:50,16:20,19:00,,,,,09:30,10:50,11:00,12:20,12:30,13:50,14:00,15:20,11:00,13:50,,,,,,,,,,,16:20,19:00,,,,,,,16:20,19:00,,,,,,,,,,,,,,,,,,,,,,,,,,,,,,,,,,,,,,,,,,,,,,,,,,,,,,,,,,,,,,,,,,,,,,,,,,,,,,,,,,,,,,,,,,,,,,,,
ED118,Boca,ED,118,Classroom,41,true,false,false,false,false,,,,,,,,,,,,,,,11:00,13:50,,,,,,,,,,,,,,,,,,,,,,,,,,,,,,,,,,,,,,,,,,,,,,,,,,,,,,,,,,,,,,,,,,,,,,,,,,,,,,,,,,,,,,,,,,,,,,,,,,,,,,,,,,,,,,,,,,,,,,,,,,,,,,,,,,,,
ED119,Boca,ED,119,Auditorium,138,true,false,true,false,false,08:00,08:50,11:00,12:50,,,08:00,08:50,09:30,10:50,11:00,12:20,12:30,13:50,08:00,08:50,11:00,12:20,16:00,17:50,,,08:00,08:50,09:30,10:50,11:00,12:20,12:30,13:50,08:00,08:50,11:00,12:20,,,,,,,,,14:00,15:20,15:30,16:50,,,,,14:00,15:20,15:30,16:50,,,,,,,,,,,,,,,,,,,,,,,,,,,,,,,,,,,,,,,,,,,,,,,,,,,,,,,,,,,,,,,,,,,,,,,,,,,,,,,,,,,,,,,,,,,,,,
ED120,Boca,ED,120,Classroom,36,true,false,false,false,false,17:00,19:50,,,,,16:20,19:00,,,,,,,18:30,21:20,,,,,,,16:00,18:50,,,,,,,,,,,,,,,,,,,,,,,,,,,,,,,,,,,,,,,,,,,,,,,,,,,,,,,,,,,,,,,,,,,,,,,,,,,,,,,,,,,,,,,,,,,,,,,,,,,,,,,,,,,,,,,,,,,,,,,,,,,,
ED123,Boca,ED,123,Classroom,50,true,false,false,true,false,08:00,08:50,18:30,21:20,,,09:30,10:50,11:00,12:20,12:30,13:50,14:00,15:20,08:00,08:50,09:30,10:50,11:00,12:20,14:00,15:20,09:30,10:50,11:00,12:20,12:30,13:50,14:00,15:20,08:00,08:50,09:30,10:50,11:00,12:20,16:20,19:00,14:00,15:20,,,18:30,21:20,,,,,,,,,,,,,,,,,,,,,,,,,,,,,,,,,,,,,,,,,,,,,,,,,,,,,,,,,,,,,,,,,,,,,,,,,,,,,,,,,,,,,,,,,,,,,,,,,,,,,,,,
ED124,Boca,ED,124,Classroom,46,true,false,false,false,false,16:20,19:00,,,,,11:00,12:20,14:00,15:20,16:20,19:00,,,14:00,16:50,,,,,,,11:00,12:20,14:00,15:20,,,,,,,,,,,,,,,,,,,,,,,,,,,,,,,,,,,,,,,,,,,,,,,,,,,,,,,,,,,,,,,,,,,,,,,,,,,,,,,,,,,,,,,,,,,,,,,,,,,,,,,,,,,,,,,,,,,,,,,,,,
ED125,Boca,ED,125,Classroom,32,false,false,false,false,false,16:20,19:00,,,,,16:00,18:50,,,,,,,16:20,19:00,,,,,,,16:20,19:00,,,,,,,,,,,,,,,,,,,,,,,,,,,,,,,,,,,,,,,,,,,,,,,,,,,,,,,,,,,,,,,,,,,,,,,,,,,,,,,,,,,,,,,,,,,,,,,,,,,,,,,,,,,,,,,,,,,,,,,,,,,,
ED313,Boca,ED,313,Classroom,43,false,true,false,true,false,16:20,19:00,,,,,16:20,19:00,,,,,,,09:00,11:50,16:20,19:00,,,,,11:00,13:50,16:20,19:00,,,,,,,,,,,,,,,,,,,,,,,,,,,,,,,,,,,,,,,,,,,,,,,,,,,,,,,,,,,,,,,,,,,,,,,,,,,,,,,,,,,,,,,,,,,,,,,,,,,,,,,,,,,,,,,,,,,,,,,,,,
ED332,Boca,ED,332,Classroom,30,false,true,false,false,false,13:00,15:50,,,,,,,,,,,,,16:20,19:00,,,,,,,16:20,19:00,,,,,,,,,,,,,,,,,,,,,,,,,,,,,,,,,,,,,,,,,,,,,,,,,,,,,,,,,,,,,,,,,,,,,,,,,,,,,,,,,,,,,,,,,,,,,,,,,,,,,,,,,,,,,,,,,,,,,,,,,,,,
ED333,Boca,ED,333,Classroom,35,false,false,false,false,false,11:00,13:50,,,,,11:00,13:50,14:00,15:20,,,,,09:30,10:50,,,,,,,11:00,13:50,14:00,15:20,,,,,09:30,10:50,12:00,12:50,,,,,,,,,,,,,,,,,,,,,,,,,,,,,,,,,,,,,,,,,,,,,,,,,,,,,,,,,,,,,,,,,,,,,,,,,,,,,,,,,,,,,,,,,,,,,,,,,,,,,,,,,,,,,,,,,,
ED457,Boca,ED,457,Classroom,30,false,false,false,false,false,16:20,19:00,19:10,22:00,,,16:20,19:00,,,,,,,16:20,19:00,,,,,,,,,,,,,,,,,,,,,,,,,,,,,,,,,,,,,,,,,,,,,,,,,,,,,,,,,,,,,,,,,,,,,,,,,,,,,,,,,,,,,,,,,,,,,,,,,,,,,,,,,,,,,,,,,,,,,,,,,,,,,,,,,,,,
ED464,Boca,ED,464,Classroom,25,false,false,false,false,false,,,,,,,16:20,19:00,,,,,,,16:20,19:00,,,,,,,19:10,22:00,,,,,,,,,,,,,,,,,,,,,,,,,,,,,,,,,,,,,,,,,,,,,,,,,,,,,,,,,,,,,,,,,,,,,,,,,,,,,,,,,,,,,,,,,,,,,,,,,,,,,,,,,,,,,,,,,,,,,,,,,,,,
EE106,Boca,EE,106,Classroom,96,true,true,true,true,true,09:00,09:50,17:00,19:00,,,09:30,10:50,11:00,12:20,12:30,13:50,14:00,15:20,09:30,10:50,11:00,12:20,12:30,13:50,14:00,15:20,09:30,10:50,11:00,12:20,12:30,13:50,14:00,15:20,09:30,10:50,11:00,12:20,12:30,13:50,,,14:00,15:20,,,16:00,18:50,,,,,,,16:00,18:50,,,,,,,,,,,,,,,,,,,,,,,,,,,,,,,,,,,,,,,,,,,,,,,,,,,,,,,,,,,,,,,,,,,,,,,,,,,,,,,,,,,,,,,,,,,,,,,,
EE203,Boca,EE,203,Engineering Lab,60,false,false,false,false,false,,,,,,,,,,,,,,,,,,,,,,,,,,,,,,,,,,,,,,,,,,,,,,,,,,,,,,,,,,,,,,,,,,,,,,,,,,,,,,,,,,,,,,,,,,,,,,,,,,,,,,,,,,,,,,,,,,,,,,,,,,,,,,,,,,,,,,,,,,,,,,,,,,,,
EE207,Boca,EE,207,Engineering Lab,60,true,false,true,false,false,09:00,10:50,11:00,12:50,14:00,15:50,09:00,10:50,11:00,12:50,14:00,15:50,16:00,17:50,09:00,10:50,09:30,10:50,11:00,12:50,12:30,13:50,09:00,10:50,11:00,12:50,14:00,15:50,16:00,17:50,09:00,10:50,09:30,10:50,11:00,12:50,14:00,15:50,12:30,13:50,16:00,17:50,16:00,20:00,,,,,,,,,,,,,,,,,14:00,15:50,,,16:00,17:50,,,16:00,17:50,,,,,,,,,,,,,,,,,,,,,,,,,,,,,,,,,,,,,,,,,,,,,,,,,,,,,,,,,,,,,,,,,,,,,,,,,,,,,,
EE208,Boca,EE,208,Engineering Lab,34,true,false,false,false,false,12:00,13:50,14:00,15:50,,,10:00,11:50,12:00,13:50,14:00,15:50,16:00,17:50,14:00,15:50,,,,,,,12:00,13:50,14:00,15:50,,,,,12:00,13:50,14:00,15:50,,,,,,,,,,,,,,,,,,,,,,,,,,,,,,,,,,,,,,,,,,,,,,,,,,,,,,,,,,,,,,,,,,,,,,,,,,,,,,,,,,,,,,,,,,,,,,,,,,,,,,,,,,,,,,,,,,
EE209,Boca,EE,209,Engineering Lab,20,false,false,false,false,false,,,,,,,,,,,,,,,,,,,,,,,,,,,,,,,,,,,,,,,,,,,,,,,,,,,,,,,,,,,,,,,,,,,,,,,,,,,,,,,,,,,,,,,,,,,,,,,,,,,,,,,,,,,,,,,,,,,,,,,,,,,,,,,,,,,,,,,,,,,,,,,,,,,,
EE210,Boca,EE,210,Engineering Lab,49,true,false,false,false,false,,,,,,,09:00,11:50,,,,,,,13:00,15:50,,,,,,,09:00,11:50,,,,,,,13:00,15:50,,,,,,,,,,,,,,,,,,,,,,,,,,,,,,,,,,,,,,,,,,,,,,,,,,,,,,,,,,,,,,,,,,,,,,,,,,,,,,,,,,,,,,,,,,,,,,,,,,,,,,,,,,,,,,,,,,,,
EE213,Boca,EE,213,Instructional Computer Lab,37,false,false,false,false,false,09:00,10:50,11:00,12:50,14:00,15:50,09:00,10:50,11:00,12:50,14:00,15:50,16:00,17:50,09:00,10:50,11:00,12:50,14:00,15:50,16:00,17:50,14:00,15:50,16:00,17:50,11:00,12:20,18:30,21:20,14:00,15:50,16:00,17:50,,,18:30,21:20,,,16:00,17:50,11:00,12:20,,,,,,,,,,,,,18:30,21:20,,,,,,,,,,,,,,,,,,,,,,,,,,,,,,,,,,,,,,,,,,,,,,,,,,,,,,,,,,,,,,,,,,,,,,,,,,,,,,,,,,,,,,,,,,
EE405,Boca,EE,405,Conference Room,18,false,true,false,true,true,,,,,,,,,,,,,,,,,,,,,,,,,,,,,,,,,,,,,,,,,,,,,,,,,,,,,,,,,,,,,,,,,,,,,,,,,,,,,,,,,,,,,,,,,,,,,,,,,,,,,,,,,,,,,,,,,,,,,,,,,,,,,,,,,,,,,,,,,,,,,,,,,,,,
EE303C,Boca,EE,303C,Conference Room,22,false,true,false,true,true,,,,,,,,,,,,,,,,,,,,,,,,,,,,,,,,,,,,,,,,,,,,,,,,,,,,,,,,,,,,,,,,,,,,,,,,,,,,,,,,,,,,,,,,,,,,,,,,,,,,,,,,,,,,,,,,,,,,,,,,,,,,,,,,,,,,,,,,,,,,,,,,,,,,
EE408A,Boca,EE,408A,Engineering Lab,15,false,false,false,false,false,,,,,,,,,,,,,,,,,,,,,,,,,,,,,,,,,,,,,,,,,,,,,,,,,,,,,,,,,,,,,,,,,,,,,,,,,,,,,,,,,,,,,,,,,,,,,,,,,,,,,,,,,,,,,,,,,,,,,,,,,,,,,,,,,,,,,,,,,,,,,,,,,,,,
EE408B,Boca,EE,408B,Engineering Lab,15,false,false,false,false,false,,,,,,,,,,,,,,,,,,,,,,,,,,,,,,,,,,,,,,,,,,,,,,,,,,,,,,,,,,,,,,,,,,,,,,,,,,,,,,,,,,,,,,,,,,,,,,,,,,,,,,,,,,,,,,,,,,,,,,,,,,,,,,,,,,,,,,,,,,,,,,,,,,,,
EG132,Boca,EG,132,Lab,20,true,false,false,false,false,,,,,,,,,,,,,,,13:00,14:50,16:00,17:50,,,,,,,,,,,,,13:00,14:50,,,,,,,,,,,,,,,,,,,,,,,,,,,,,,,,,,,,,,,,,,,,,,,,,,,,,,,,,,,,,,,,,,,,,,,,,,,,,,,,,,,,,,,,,,,,,,,,,,,,,,,,,,,,,,,,,,,,
EG162,Boca,EG,162,Classroom,50,true,false,false,false,false,10:00,10:50,,,,,16:30,18:20,,,,,,,16:00,16:50,,,,,,,16:30,18:20,,,,,,,09:30,10:50,12:30,13:50,16:00,16:50,,,,,,,,,,,,,,,,,,,,,,,,,,,,,,,,,,,,,,,,,,,,,,,,,,,,,,,,,,,,,,,,,,,,,,,,,,,,,,,,,,,,,,,,,,,,,,,,,,,,,,,,,,,,,,,,
EG170,Boca,EG,170,Conference Room,10,false,false,false,false,false,,,,,,,,,,,,,,,,,,,,,,,,,,,,,,,,,,,,,,,,,,,,,,,,,,,,,,,,,,,,,,,,,,,,,,,,,,,,,,,,,,,,,,,,,,,,,,,,,,,,,,,,,,,,,,,,,,,,,,,,,,,,,,,,,,,,,,,,,,,,,,,,,,,,
EG187,Boca,EG,187,Conference Room,19,false,false,false,false,false,,,,,,,,,,,,,,,,,,,,,,,,,,,,,,,,,,,,,,,,,,,,,,,,,,,,,,,,,,,,,,,,,,,,,,,,,,,,,,,,,,,,,,,,,,,,,,,,,,,,,,,,,,,,,,,,,,,,,,,,,,,,,,,,,,,,,,,,,,,,,,,,,,,,
EG262,Boca,EG,262,Lab,25,true,false,false,false,false,,,,,,,,,,,,,,,,,,,,,,,,,,,,,,,,,,,,,,,,,,,,,,,,,,,,,,,,,,,,,,,,,,,,,,,,,,,,,,,,,,,,,,,,,,,,,,,,,,,,,,,,,,,,,,,,,,,,,,,,,,,,,,,,,,,,,,,,,,,,,,,,,,,,
EG263,Boca,EG,263,Lab,27,true,false,false,false,false,,,,,,,,,,,,,,,,,,,,,,,,,,,,,,,,,,,,,,,,,,,,,,,,,,,,,,,,,,,,,,,,,,,,,,,,,,,,,,,,,,,,,,,,,,,,,,,,,,,,,,,,,,,,,,,,,,,,,,,,,,,,,,,,,,,,,,,,,,,,,,,,,,,,
FA103,Boca,FA,103,Classroom,32,false,false,false,false,false,,,,,,,09:30,10:50,11:00,12:20,12:30,13:50,14:00,15:20,09:30,10:50,11:00,12:20,12:30,13:50,,,09:30,10:50,11:00,12:20,12:30,13:50,14:00,15:20,09:30,10:50,11:00,12:20,12:30,13:50,,,,,,,,,,,,,,,,,,,,,,,,,,,,,,,,,,,,,,,,,,,,,,,,,,,,,,,,,,,,,,,,,,,,,,,,,,,,,,,,,,,,,,,,,,,,,,,,,,,,,,,,,,,,,,,,
FA104,Boca,FA,104,Classroom,30,false,false,false,false,false,,,,,,,09:30,10:50,11:00,12:20,12:30,13:50,14:00,15:20,09:30,10:50,11:00,12:20,,,,,09:30,10:50,11:00,12:20,12:30,13:50,14:00,15:20,09:30,10:50,11:00,12:20,,,,,,,,,15:30,16:50,,,,,,,15:30,16:50,,,,,,,,,,,,,,,,,,,,,,,,,,,,,,,,,,,,,,,,,,,,,,,,,,,,,,,,,,,,,,,,,,,,,,,,,,,,,,,,,,,,,,,,,,,,,,,,
FA105,Boca,FA,105,Classroom,32,false,false,false,false,false,,,,,,,11:00,12:20,12:30,13:50,,,,,09:30,10:50,11:00,12:20,12:30,13:50,14:00,15:50,11:00,12:20,12:30,13:50,,,,,09:30,10:50,11:00,12:20,12:30,13:50,,,14:00,15:50,,,,,,,,,,,,,,,,,,,,,,,,,,,,,,,,,,,,,,,,,,,,,,,,,,,,,,,,,,,,,,,,,,,,,,,,,,,,,,,,,,,,,,,,,,,,,,,,,,,,,,,,,,,,
FL401,Boca,FL,401,Classroom,45,true,false,true,true,false,14:00,16:50,18:30,21:20,,,09:30,10:50,11:00,13:50,16:00,17:50,18:30,21:20,09:30,10:50,11:00,12:20,19:10,21:00,09:00,11:50,09:30,10:50,11:00,13:50,16:00,17:50,18:30,21:20,09:30,10:50,11:00,12:20,,,16:00,18:50,,,,,11:00,13:50,16:00,16:50,,,,,16:00,16:50,,,,,,,,,,,,,,,,,,,,,,,,,,,,,,,,,08:30,16:30,,,,,,,,,,,,,,,,,,,,,,,,,,,,,,,,,,,,,,,,,,,,,,,,,,,,,,,,,,,,,,
FL404,Boca,FL,404,Classroom,49,true,false,true,true,false,11:00,13:50,16:00,18:50,19:10,22:00,08:00,09:20,09:30,10:50,11:00,12:20,12:30,13:50,08:00,09:20,09:30,10:50,11:00,12:20,12:30,13:50,08:00,09:20,09:30,10:50,11:00,12:20,12:30,13:50,08:00,09:20,09:30,10:50,11:00,12:20,14:00,15:20,12:30,13:50,,,14:00,15:20,16:00,17:20,18:30,21:20,,,14:00,15:20,16:00,17:20,,,,,,,14:00,15:20,,,16:00,17:20,18:30,21:20,16:00,17:20,,,,,,,,,,,,,,,,,,,,,,,,,,,,,,,,,,,,,,,,,,,,,,,,,,,,,,,,,,,,,,,,,,,,,,,,,,,,,,
FL409,Boca,FL,409,Instructional Computer Lab,33,false,false,false,true,false,11:00,13:50,14:00,16:50,18:30,21:20,11:00,13:50,14:00,16:50,18:30,21:20,,,11:00,12:20,12:30,13:50,14:00,16:50,18:30,21:20,11:00,13:50,14:00,16:50,18:30,21:20,,,11:00,12:20,12:30,13:50,14:00,15:50,,,,,,,,,,,,,,,,,,,,,,,,,,,,,,,,,,,,,,,,,,,,,,,,,,,,,,,,,,,,,,,,,,,,,,,,,,,,,,,,,,,,,,,,,,,,,,,,,,,,,,,,,,,,,,,,
FL411,Boca,FL,411,Instructional Computer Lab,33,true,false,true,true,false,11:00,13:50,14:00,16:50,18:30,21:20,11:00,13:50,18:30,21:20,,,,,14:00,16:50,18:30,21:20,,,,,11:00,13:50,15:30,16:50,18:30,21:20,,,,,,,,,,,,,,,,,,,,,,,,,,,,,,,,,,,,,,,,,,,,,,,,,,,,,,,,,,,,,,,,,,,,,,,,,,,,,,,,,,,,,,,,,,,,,,,,,,,,,,,,,,,,,,,,,,,,,,,,
FL423,Boca,FL,423,Classroom,46,false,false,false,false,false,14:00,16:50,18:30,21:20,,,11:00,12:20,14:00,15:20,16:00,17:20,18:30,21:20,18:30,21:20,,,,,,,11:00,12:20,14:00,15:20,16:00,17:20,18:30,21:20,15:00,15:50,,,,,,,,,,,,,,,,,,,,,,,,,,,,,,,,,,,,,,,,,,,,,,,,,,,,,,,,,,,,,,,,,,,,,,,,,,,,,,,,,,,,,,,,,,,,,,,,,,,,,,,,,,,,,,,,,,,,
FL424,Boca,FL,424,Classroom,48,true,false,true,true,false,11:00,13:50,14:00,16:50,18:30,21:20,08:00,09:20,10:00,11:50,12:30,13:50,14:00,15:20,08:00,09:20,11:00,13:50,14:00,15:20,16:00,17:20,08:00,09:20,10:00,11:50,12:30,13:50,14:00,15:20,08:00,09:20,11:00,13:50,14:00,15:20,18:30,21:20,16:00,17:20,,,16:00,17:20,18:30,21:20,,,,,16:00,17:20,18:30,21:20,,,,,,,,,,,,,,,,,,,,,,,,,,,,,,,,,,,,,,,,,,,,,,,,,,,,,,,,,,,,,,,,,,,,,,,,,,,,,,,,,,,,,,,,,,,,,,
FL426,Boca,FL,426,Classroom,30,false,false,false,false,false,11:00,13:50,15:00,15:50,18:30,21:20,11:00,12:20,12:30,13:50,14:00,15:20,18:30,21:20,08:00,09:20,09:30,10:50,11:00,12:20,15:00,15:50,11:00,12:20,12:30,13:50,14:00,15:20,,,08:00,09:20,09:30,10:50,11:00,12:20,,,15:00,15:50,,,,,,,,,,,,,,,,,,,,,,,,,,,,,,,,,,,,,,,,,,,,,,,,,,,,,,,,,,,,,,,,,,,,,,,,,,,,,,,,,,,,,,,,,,,,,,,,,,,,,,,,,,,,
FL427,Boca,FL,427,Classroom,45,true,false,true,true,false,14:00,16:50,18:30,21:20,,,09:30,10:50,11:00,12:20,12:30,13:50,14:00,15:20,09:30,10:50,12:00,12:50,14:00,15:50,18:30,21:20,09:30,10:50,11:00,12:20,12:30,13:50,14:00,15:20,09:30,10:50,12:00,12:50,14:00,15:50,,,,,,,16:00,17:20,18:30,21:20,,,,,16:00,17:20,18:30,21:20,,,,,,,,,,,,,,,,,,,,,,,,,,,,,,,,,,,,,,,,,,,,,,,,,,,,,,,,,,,,,,,,,,,,,,,,,,,,,,,,,,,,,,,,,,,,,,
FL429,Boca,FL,429, Classroom,51,false,false,false,false,false,11:00,13:50,18:30,21:20,,,09:30,10:50,11:00,12:20,14:00,15:20,18:30,21:20,10:00,11:50,14:00,15:50,18:30,21:20,,,09:30,10:50,11:00,12:20,14:00,15:20,,,10:00,11:50,14:00,15:50,,,,,,,,,,,,,,,,,,,,,,,,,,,,,,,,,,,,,,,,,,,,,,,,,,,,,,,,,,,,,,,,,,,,,,,,,,,,,,,,,,,,,,,,,,,,,,,,,,,,,,,,,,,,,,,,,,
GN101,Boca,GN,101,Auditorium,295,true,false,true,false,false,12:00,12:50,17:00,18:20,10:30,11:50,08:00,09:20,09:30,10:50,12:00,13:50,14:00,15:20,08:00,09:20,09:30,10:50,11:00,11:50,12:00,12:50,08:00,09:20,09:30,10:50,12:00,13:50,14:00,15:20,08:00,09:20,09:30,10:50,11:00,11:50,14:00,15:20,12:00,12:50,17:00,18:20,15:30,16:50,17:00,18:20,09:00,10:20,10:30,11:50,15:30,16:50,17:00,18:20,09:00,10:20,09:00,10:20,10:30,11:50,14:00,15:20,12:30,16:20,17:00,18:20,10:30,11:50,09:00,11:50,,,18:30,21:20,09:00,10:20,10:30,11:50,10:30,11:50,09:00,10:20,10:30,11:50,,,17:00,18:20,,,,,19:00,20:20,17:00,18:20,18:30,21:20,13:00,16:50,17:00,19:50,10:30,11:50,12:30,16:20,09:00,12:50,15:00,16:50,18:00,19:50,12:30,16:20,19:10,22:00,09:00,11:50,13:00,16:50,09:00,10:20,10:30,11:50,12:30,16:20,19:00,20:20,17:00,18:20,18:30,21:20,10:30,11:50,12:30,16:20,15:00,16:50,18:00,19:50,12:30,16:20,,,,,,
GN102,Boca,GN,102,Auditorium,149,true,false,false,false,false,08:00,10:50,,,,,08:00,09:20,09:30,10:50,12:30,13:50,14:00,15:50,09:00,09:50,12:00,13:50,14:00,14:50,,,08:00,09:20,09:30,10:50,12:00,13:50,14:00,15:50,09:00,09:50,12:00,13:50,14:00,14:50,,,,,,,17:00,18:20,19:10,21:00,,,,,17:00,18:20,19:10,21:00,,,,,,,,,,,,,,,,,,,,,,,,,,,,,,,,,,,,,,,,,,,,,,,,,,,,,,,,,,,,,,,,,,,,,,,,,,,,,,,,,,,,,,,,,,,,,,
GP101,Boca,GP,101,Classroom,40,false,false,false,false,false,10:00,10:50,16:00,16:50,,,10:00,10:50,,,,,,,15:00,16:50,,,,,,,,,,,,,,,,,,,,,,,,,,,,,,,,,,,,,,,,,,,,,,,,,,,,,,,,,,,,,,,,,,,,,,,,,,,,,,,,,,,,,,,,,,,,,,,,,,,,,,,,,,,,,,,,,,,,,,,,,,,,,,,,,,,,
GS101,Boca,GS,101,Classroom,65,true,false,false,false,false,,,,,,,09:30,10:50,11:00,12:20,12:30,13:50,14:00,15:20,08:00,09:20,09:30,10:50,11:00,12:20,12:30,13:50,09:30,10:50,11:00,12:20,12:30,13:50,14:00,15:20,08:00,09:20,09:30,10:50,11:00,12:20,,,12:30,13:50,,,,,,,,,,,,,,,,,,,,,,,,,,,,,,,,,,,,,,,,,,,,,,,,,,,,,,,,,,,,,,,,,,,,,,,,,,,,,,,,,,,,,,,,,,,,,,,,,,,,,,,,,,,,
GS102,Boca,GS,102,Classroom,68,true,false,false,true,false,,,,,,,09:30,10:50,11:00,12:20,12:30,13:50,14:00,15:20,11:00,12:20,12:30,13:50,,,,,09:30,10:50,11:00,12:20,12:30,13:50,14:00,15:20,11:00,12:20,12:30,13:50,,,,,,,,,,,,,,,,,,,,,,,,,,,,,,,,,,,,,,,,,,,,,,,,,,,,,,,,,,,,,,,,,,,,,,,,,,,,,,,,,,,,,,,,,,,,,,,,,,,,,,,,,,,,,,,,,,
GS103,Boca,GS,103,Classroom,60,true,false,false,true,false,11:00,13:50,,,,,09:30,10:50,11:00,12:20,12:30,13:50,14:00,15:20,09:30,10:50,11:00,12:20,12:30,13:50,18:30,21:20,09:30,10:50,11:00,12:20,12:30,13:50,14:00,15:20,09:30,10:50,11:00,12:20,12:30,13:50,,,15:00,16:20,,,,,,,,,,,,,,,,,,,,,,,,,,,,,,,,,,,,,,,,,,,,,,,,,,,,,,,,,,,,,,,,,,,,,,,,,,,,,,,,,,,,,,,,,,,,,,,,,,,,,,,,,,,,
GS107,Boca,GS,107,Classroom,56,true,false,false,false,false,11:00,11:50,16:20,19:00,,,10:00,11:50,12:00,13:50,14:00,15:20,16:00,17:20,09:30,10:50,11:00,11:50,12:30,13:50,16:00,18:50,10:00,11:50,12:00,13:50,14:00,15:20,16:00,17:20,09:30,10:50,11:00,11:50,12:30,13:50,,,,,,,,,,,,,,,,,,,,,,,,,,,,,,,,,,,,,,,,,,,,,,,,,,,,,,,,,,,,,,,,,,,,,,,,,,,,,,,,,,,,,,,,,,,,,,,,,,,,,,,,,,,,,,,,
GS108,Boca,GS,108,Classroom,45,false,false,false,false,false,08:00,08:50,09:00,09:50,12:00,12:50,08:00,09:20,09:30,10:50,11:00,12:20,14:00,15:20,08:00,08:50,09:00,09:50,10:00,11:50,12:00,12:50,08:00,09:20,09:30,10:50,11:00,12:20,14:00,15:20,08:00,08:50,09:00,09:50,10:00,11:50,13:00,13:50,12:00,12:50,13:00,13:50,16:00,17:20,,,,,,,16:00,17:20,18:30,21:20,,,14:00,14:50,15:00,15:50,14:00,14:50,16:00,16:50,14:00,14:50,15:00,15:50,15:00,15:50,16:00,16:50,,,,,,,,,,,,,,,16:00,16:50,,,,,,,,,,,,,,,,,,,,,,,,,,,18:30,21:20,,,,,,,,,,,,,,,,,,,,,,,,,,,,,,,,
GS109,Boca,GS,109,Classroom,64,true,false,false,false,false,14:00,16:50,,,,,09:30,10:50,14:00,15:20,16:00,17:20,,,09:30,10:50,11:00,12:20,12:30,13:50,,,09:30,10:50,14:00,15:20,16:00,17:20,,,09:30,10:50,11:00,12:20,12:30,13:50,,,,,,,,,,,,,,,,,,,,,,,,,,,,,,,,,,,,,,,,,,,,,,,,,,,,,,,,,,,,,,,,,,,,,,,,,,,,,,,,,,,,,,,,,,,,,,,,,,,,,,,,,,,,,,,,
GS110,Boca,GS,110,Classroom,45,false,false,false,false,false,11:00,13:50,14:00,14:50,,,09:30,10:50,11:00,12:20,,,,,10:00,11:20,14:00,15:20,16:20,19:00,,,09:30,10:50,11:00,12:20,,,,,10:00,11:20,14:00,15:20,,,,,,,,,,,,,,,,,,,,,,,,,,,,,,,,,,,,,,,,,,,,,,,,,,,,,,,,,,,,,,,,,,,,,,,,,,,,,,,,,,,,,,,,,,,,,,,,,,,,,,,,,,,,,,,,,,
GS111,Boca,GS,111,Classroom,55,true,false,false,false,false,11:00,13:50,14:00,16:50,18:30,21:20,09:30,10:50,11:00,12:20,12:30,13:50,14:00,15:20,10:00,11:50,12:00,13:50,14:00,15:20,16:00,18:50,09:30,10:50,11:00,12:20,12:30,13:50,14:00,15:20,10:00,11:50,12:00,13:50,14:00,15:20,,,,,,,18:30,21:20,,,,,,,,,,,,,,,,,,,,,,,,,,,,,,,,,,,,,,,,,,,,,,,,,,,,,,,,,,,,,,,,,,,,,,,,,,,,,,,,,,,,,,,,,,,,,,,,,,,,,,,,
GS115,Boca,GS,115,Classroom,64,true,false,false,false,false,16:00,18:50,,,,,11:00,12:20,12:30,13:50,14:00,15:20,15:30,16:50,09:30,10:50,11:00,12:20,12:30,13:50,,,11:00,12:20,12:30,13:50,14:00,15:20,15:30,16:50,09:30,10:50,11:00,12:20,12:30,13:50,,,,,,,,,,,,,,,,,,,,,,,,,,,,,,,,,,,,,,,,,,,,,,,,,,,,,,,,,,,,,,,,,,,,,,,,,,,,,,,,,,,,,,,,,,,,,,,,,,,,,,,,,,,,,,,,
GS116,Boca,GS,116,Classroom,78,true,false,false,false,false,10:00,10:50,11:00,13:50,,,09:30,10:50,11:00,13:50,14:00,15:20,,,08:00,09:20,10:00,10:50,11:00,12:20,13:00,13:50,09:30,10:50,11:00,12:50,14:00,15:20,,,08:00,09:20,10:00,10:50,11:00,12:20,14:00,15:20,13:00,13:50,,,,,,,,,,,,,,,,,,,,,14:00,15:20,,,,,,,,,,,,,,,,,,,,,,,,,,,,,,,,,,,,,,,,,,,,,,,,,,,,,,,,,,,,,,,,,,,,,,,,,,,,,,,,,,,,,,
GS117,Boca,GS,117,Classroom,62,true,false,false,false,false,09:00,09:50,10:00,10:50,11:00,11:50,08:00,09:20,09:30,10:20,11:00,12:20,12:30,13:50,09:00,09:50,10:00,10:50,11:00,11:50,12:30,13:50,08:00,09:20,09:30,10:20,11:00,12:20,12:30,13:50,09:00,09:50,10:00,10:50,11:00,11:50,,,12:30,13:50,,,14:00,15:20,16:00,17:30,18:30,21:20,,,14:00,15:20,,,,,,,,,,,,,,,,,,,,,,,,,,,,,,,,,,,,,,,,,,,,,,,,,,,,,,,,,,,,,,,,,,,,,,,,,,,,,,,,,,,,,,,,,,,,,,,,
GS118,Boca,GS,118,Auditorium,104,true,false,false,false,false,11:00,13:50,,,,,09:30,10:50,11:00,12:20,12:30,13:50,14:00,15:20,08:00,09:20,09:30,10:50,11:00,12:20,12:30,13:50,09:30,10:50,11:00,12:20,12:30,13:50,14:00,15:20,08:00,09:20,09:30,10:50,11:00,12:20,14:00,15:20,12:30,13:50,,,15:30,16:50,,,,,,,15:30,16:50,,,,,,,,,14:00,15:20,,,16:00,17:20,,,16:00,17:20,,,,,,,,,,,,,,,10:00,12:50,,,,,,,,,,,,,,,,,,,,,,,,,,,,,,,,,,,,,,,,,,,,,,,,,,,,,,,,,,,,,,
GS119,Boca,GS,119,Auditorium,130,true,false,true,false,false,18:30,21:20,,,,,09:30,10:50,11:00,12:20,12:30,13:50,14:00,14:50,08:00,09:20,09:30,10:50,11:00,12:20,14:00,15:20,09:30,10:50,11:00,12:20,12:30,13:50,14:00,14:50,09:30,10:50,11:00,12:20,14:00,15:20,16:00,17:20,16:00,17:20,,,16:00,18:50,16:00,18:50,,,,,,,,,,,,,,,,,,,18:30,21:20,,,,,,,,,,,,,,,,,,,08:30,16:30,,,,,,,,,,,,,,,,,,,,,,,,,,,,,,,,,,,,,,,,,,,,,,,,,,,,,,,,,,,,,,
GS120,Boca,GS,120,Auditorium,104,true,false,false,false,false,14:00,14:50,,,,,09:30,10:50,11:00,12:20,12:30,13:50,14:00,15:20,09:30,10:50,11:00,12:20,12:30,13:50,14:00,14:50,09:30,10:50,11:00,12:20,12:30,13:50,14:00,15:20,09:30,10:50,11:00,12:20,12:30,13:50,,,,,,,16:00,18:50,,,,,,,16:00,18:50,,,,,,,,,,,,,,,,,,,,,,,,,,,,,,,,,,,,,,,,,,,,,,,,,,,,,,,,,,,,,,,,,,,,,,,,,,,,,,,,,,,,,,,,,,,,,,,,
GS202,Boca,GS,202,Classroom,32,false,false,false,false,false,,,,,,,,,,,,,,,,,,,,,,,,,,,,,,,,,,,,,,,,,,,,,,,,,,,,,,,,,,,,,,,,,,,,,,,,,,,,,,,,,,,,,,,,,,,,,,,,,,,,,,,,,,,,,,,,,,,,,,,,,,,,,,,,,,,,,,,,,,,,,,,,,,,,
GS208,Boca,GS,208,Classroom,50,false,false,false,false,false,,,,,,,09:30,10:50,11:00,12:20,12:30,13:50,14:00,15:20,09:30,10:50,11:00,12:20,12:30,13:50,14:00,15:20,09:30,10:50,11:00,12:20,12:30,13:50,14:00,15:20,09:30,10:50,11:00,12:20,12:30,13:50,,,14:00,15:20,,,15:30,16:50,,,,,,,15:30,16:50,,,,,,,,,,,,,,,,,,,,,,,,,,,,,,,,,,,,,,,,,,,,,,,,,,,,,,,,,,,,,,,,,,,,,,,,,,,,,,,,,,,,,,,,,,,,,,,,
GS211,Boca,GS,211,Study Space,43,false,false,false,false,false,,,,,,,,,,,,,,,,,,,,,,,,,,,,,,,,,,,,,,,,,,,,,,,,,,,,,,,,,,,,,,,,,,,,,,,,,,,,,,,,,,,,,,,,,,,,,,,,,,,,,,,,,,,,,,,,,,,,,,,,,,,,,,,,,,,,,,,,,,,,,,,,,,,,
GS215,Boca,GS,215,Study Space,32,false,false,false,false,false,,,,,,,,,,,,,,,,,,,,,,,,,,,,,,,,,,,,,,,,,,,,,,,,,,,,,,,,,,,,,,,,,,,,,,,,,,,,,,,,,,,,,,,,,,,,,,,,,,,,,,,,,,,,,,,,,,,,,,,,,,,,,,,,,,,,,,,,,,,,,,,,,,,,
GS216,Boca,GS,216,Study Space,47,false,false,false,false,false,,,,,,,,,,,,,,,,,,,,,,,,,,,,,,,,,,,,,,,,,,,,,,,,,,,,,,,,,,,,,,,,,,,,,,,,,,,,,,,,,,,,,,,,,,,,,,,,,,,,,,,,,,,,,,,,,,,,,,,,,,,,,,,,,,,,,,,,,,,,,,,,,,,,
GS222,Boca,GS,222,Classroom,42,false,false,false,false,false,,,,,,,,,,,,,,,,,,,,,,,,,,,,,,,,,,,,,,,,,,,,,,,,,,,,,,,,,,,,,,,,,,,,,,,,,,,,,,,,,,,,,,,,,,,,,,,,,,,,,,,,,,,,,,,,,,,,,,,,,,,,,,,,,,,,,,,,,,,,,,,,,,,,
GS226,Boca,GS,226,Classroom,59,false,false,false,false,false,,,,,,,,,,,,,,,,,,,,,,,,,,,,,,,,,,,,,,,,,,,,,,,,,,,,,,,,,,,,,,,,,,,,,,,,,,,,,,,,,,,,,,,,,,,,,,,,,,,,,,,,,,,,,,,,,,,,,,,,,,,,,,,,,,,,,,,,,,,,,,,,,,,,
GS214B,Boca,GS,214B,Conference Room,17,false,true,false,true,true,,,,,,,,,,,,,,,,,,,,,,,,,,,,,,,,,,,,,,,,,,,,,,,,,,,,,,,,,,,,,,,,,,,,,,,,,,,,,,,,,,,,,,,,,,,,,,,,,,,,,,,,,,,,,,,,,,,,,,,,,,,,,,,,,,,,,,,,,,,,,,,,,,,,
HP114,Boca,HP,114,Classroom,40,false,false,false,false,false,10:00,10:50,16:00,16:50,,,11:00,11:50,14:00,14:50,,,,,09:00,09:50,15:00,16:50,,,,,09:00,09:50,11:00,11:50,14:00,14:50,,,,,,,,,,,,,,,,,,,,,,,,,,,,,,,,,,,,,,,,,,,,,,,,,,,,,,,,,,,,,,,,,,,,,,,,,,,,,,,,,,,,,,,,,,,,,,,,,,,,,,,,,,,,,,,,,,,,,,,,
IR109,Boca,IR,109,Classroom,27,false,false,false,false,false,10:00,10:50,15:00,15:50,,,09:00,09:50,10:00,10:50,15:00,15:50,16:00,16:50,09:00,09:50,10:00,10:50,11:00,11:50,15:00,16:50,09:00,09:50,10:00,10:50,15:00,15:50,16:00,16:50,10:00,10:50,11:00,11:50,,,,,,,,,,,,,,,,,,,,,,,,,,,,,,,,,,,,,,,,,,,,,,,,,,,,,,,,,,,,,,,,,,,,,,,,,,,,,,,,,,,,,,,,,,,,,,,,,,,,,,,,,,,,,,,,,,
IS103,Boca,IS,103,Classroom,55,true,false,false,false,false,,,,,,,09:30,10:50,16:00,18:50,,,,,10:00,11:50,12:30,13:50,16:00,18:50,,,09:30,10:50,16:00,18:50,,,,,12:30,13:50,,,,,,,,,,,,,,,,,,,,,,,,,,,,,,,,,,,,,,,,,,,,,,,,,,,,,08:00,17:00,,,,,,,,,,,,,,,,,,,,,,,,,,,,,,,,,,,,,,,,,,,,,,,,,,,,,,,,,,,,,,
IS113,Boca,IS,113,Instructional Computer Lab,39,true,false,false,true,false,12:00,12:50,14:00,14:50,18:30,21:20,11:00,12:20,12:30,13:50,14:00,15:20,19:10,22:00,11:00,13:50,,,,,,,11:00,12:20,12:30,13:50,14:00,15:20,,,08:00,09:50,10:00,10:50,13:00,15:50,,,,,,,,,,,,,,,,,,,,,,,,,,,,,,,,,,,,,,,,,,,,,,,,,,,,,,,,,,,,,,,,,,,,,,,,,,,,,,,,,,,,,,,,,,,,,,,,,,,,,,,,,,,,,,,,
IS208,Boca,IS,208,Classroom,32,true,false,false,false,false,,,,,,,,,,,,,,,,,,,,,,,,,,,,,,,,,,,,,,,,,,,,,,,,,,,,,,,,,,,,,,,,,,,,,,,,,,,,,,,,,,,,,,,,,,,,,,,,,,,,,,,,,,,,,,,,,,,,,,,,,,,,,,,,,,,,,,,,,,,,,,,,,,,,
IS114A,Boca,IS,114A,Conference Room,25,false,false,false,false,false,,,,,,,,,,,,,,,,,,,,,,,,,,,,,,,,,,,,,,,,,,,,,,,,,,,,,,,,,,,,,,,,,,,,,,,,,,,,,,,,,,,,,,,,,,,,,,,,,,,,,,,,,,,,,,,,,,,,,,,,,,,,,,,,,,,,,,,,,,,,,,,,,,,,
KH102,Boca,KH,102,Auditorium,200,true,true,false,true,false,10:00,11:50,12:30,13:50,,,08:00,09:20,09:30,10:50,11:00,12:20,12:30,13:50,09:30,10:50,11:00,12:20,12:30,13:50,14:00,15:50,08:00,09:20,09:30,10:50,11:00,12:20,12:30,13:50,09:30,10:50,11:00,12:20,12:30,13:50,,,14:00,15:50,,,14:00,15:20,16:00,17:50,,,,,14:00,15:20,16:00,17:50,,,,,,,,,,,,,,,,,,,,,,,,,,,,,,,,,,,,,,,,,,,,,,,,,,,,,,,,,,,,,,,,,,,,,,,,,,,,,,,,,,,,,,,,,,,,,,
LY136,Boca,LY,136,Instructional Computer Lab,54,false,false,false,false,false,,,,,,,,,,,,,,,,,,,,,,,,,,,,,,,,,,,,,,,,,,,,,,,,,,,,,,,,,,,,,,,,,,,,,,,,,,,,,,,,,,,,,,,,,,,,,,,,,,,,,,,,,,,,,,,,,,,,,,,,,,,,,,,,,,,,,,,,,,,,,,,,,,,,
LY201,Boca,LY,201,Open Computer Lab,15,false,false,false,false,false,,,,,,,,,,,,,,,,,,,,,,,,,,,,,,,,,,,,,,,,,,,,,,,,,,,,,,,,,,,,,,,,,,,,,,,,,,,,,,,,,,,,,,,,,,,,,,,,,,,,,,,,,,,,,,,,,,,,,,,,,,,,,,,,,,,,,,,,,,,,,,,,,,,,
LY551,Boca,LY,551,Conference Room,20,true,true,false,false,false,,,,,,,,,,,,,,,,,,,,,,,,,,,,,,,,,,,,,,,,,,,,,,,,,,,,,,,,,,,,,,,,,,,,,,,,,,,,,,,,,,,,,,,,,,,,,,,,,,,,,,,,,,,,,,,,,,,,,,,,,,,,,,,,,,,,,,,,,,,,,,,,,,,,
NU108,Boca,NU,108,Classroom,42,true,false,false,false,false,,,,,,,,,,,,,,,,,,,,,,,,,,,,,,,,,,,,,,,,,,,,,,,,,,,,,,,,,,,,,,,,,,,,,,,,,,,,,,,,,,,,,,,,,,,,,,,,,,,,,,,,,,,,,,,,,,,,,,,,,,,,,,,,,,,,,,,,,,,,,,,08:30,10:20,10:30,12:30,,
NU113,Boca,NU,113,Auditorium,346,true,false,false,false,false,10:00,10:50,11:00,11:50,14:00,14:50,08:00,09:20,09:30,10:50,11:00,12:20,12:30,13:50,10:00,10:50,11:00,11:50,12:30,13:50,14:00,14:50,08:00,09:20,09:30,10:50,11:00,12:20,12:30,13:50,10:00,10:50,11:00,11:50,12:30,13:50,17:00,18:20,14:00,14:50,17:00,18:20,14:00,15:50,16:00,17:20,,,,,14:00,15:50,16:00,17:20,,,,,,,,,,,,,,,,,,,,,,,,,,,,,,,,,,,,,,,,,,,,,,,,,,,,,,,,,,,,,,,,,,,,,,,,,,,,,,,,,,,,,,,,,,,,,,
NU201,Boca,NU,201,Classroom,84,true,true,false,true,true,,,,,,,08:00,11:50,,,,,,,,,,,,,,,08:00,09:50,,,,,,,,,,,,,,,,,,,,,,,,,,,,,,,,,,,,,,,,,,,,,,,,,,,,,,,,,,,,,,,,,,,,,,,,,,,,,,,,,,,,,,,,,,,,,,,,,,,,,,,,,,,,,,,,,,,,,,,09:00,14:00,,,,
NU202,Boca,NU,202,Classroom,80,true,true,false,true,true,,,,,,,,,,,,,,,,,,,,,,,,,,,,,,,,,,,,,,,,,,,,,,,,,,,,,,,,,,,,,,,,,,,,,,,,,,,,,,,,,,,,,,,,,,,,,,,,,,,,,,,,,,,,,,,,,,,,,,,,,,,,,,,,,,,,,,,,,,,,,,,,,,,,
NU205,Boca,NU,205,Classroom,28,false,false,false,false,false,,,,,,,,,,,,,,,,,,,,,,,10:00,22:00,,,,,,,,,,,,,,,,,,,,,,,,,,,,,,,,,,,,,,,,,,,,,,,,,,,,,,,,,,,,,14:00,19:00,,,,,,,,,,,,,,,,,,,,,,,,,,,,,,,,,,,,,,,,,,,,,,,,,,,,,,,,,14:00,19:00,,,,
NU209,Boca,NU,209,Classroom,24,false,false,false,false,false,,,,,,,,,,,,,,,,,,,,,,,17:00,19:50,,,,,,,,,,,,,,,,,,,,,,,,,,,,,,,,,,,,,,,,,,,,,,,,,,,,,,,,,,,,,08:00,13:00,,,,,,,,,,,,,,,,,,,,,,,,,,,,,,,,,,,,,,,,,,,,,,,,,,,,,,,,,08:00,13:00,,,14:00,16:00
OD101,Boca,OD,101,Classroom,83,true,false,true,true,true,,,,,,,18:30,19:50,,,,,,,,,,,,,,,,,,,,,,,,,,,,,,,,,,,,,,,,,,,,,,,,,,,,,,,,,,,,,,,,,,,,,,,,,,,,,,,,,,,,,,,,,,,,,,,,,,,,,,,,,,,,,,,,,,,,,,,,,,,,,,,,,,,,,,,,,,,,
OD102,Boca,OD,102,Classroom,40,false,false,false,false,false,,,,,,,,,,,,,,,,,,,,,,,,,,,,,,,,,,,,,,,,,,,,,,,,,,,,,,,,,,,,,,,,,,,,,,,,,,,,,,,,,,,,,,,,,,,,,,,,,,,,,,,,,,,,,,,,,,,,,,,,,,,,,,,,,,,,,,,,,,,,,,,,,,,,
OD103,Boca,OD,103,Classroom,39,false,false,false,false,false,,,,,,,,,,,,,,,,,,,,,,,,,,,,,,,,,,,,,,,,,,,,,,,,,,,,,,,,,,,,,,,,,,,,,,,,,,,,,,,,,,,,,,,,,,,,,,,,,,,,,,,,,,,,,,,,,,,,,,,,,,,,,,,,,,,,,,,,,,,,,,,,,,,,
OD202,Boca,OD,202,Classroom,40,true,false,true,true,false,14:00,16:50,11:00,13:50,18:30,21:20,12:30,13:50,14:00,15:20,18:30,21:30,18:30,21:20,09:30,10:50,12:30,13:50,18:30,21:20,,,12:30,13:50,14:00,15:20,18:30,21:20,,,09:30,10:50,12:30,13:50,,,,,,,,,,,,,,,,,,,,,,,,,,,,,,,,,,,,,,,,,,,,,,,,,,,,,,,,,,,,,,,,,,,,,,,,,,,,,,,,,,,,,,,,,,,,,,,,,,,,,,,,,,,,,,,,,,
OD203,Boca,OD,203,Classroom,38,true,false,true,true,true,13:00,15:50,,,,,09:00,10:20,11:00,12:20,13:00,15:50,,,11:00,12:20,,,,,,,09:00,10:20,11:00,12:20,,,,,11:00,12:20,,,,,,,,,,,,,,,,,,,,,,,,,,,,,,,,,,,,,,,,,,,,,,,,,,,,,,,,,,,,,,,,,,,,,,,,,,,,,,,,,,,,,,,,,,,,,,,,,,,,,,,,,,,,,,,,,,,,
PA101,Boca,PA,101,Auditorium,169,true,false,false,false,false,16:00,18:50,,,,,08:00,09:20,09:30,10:50,11:00,12:20,12:30,13:50,08:00,09:20,09:30,10:50,11:00,12:20,12:30,13:50,08:00,09:20,09:30,10:50,11:00,12:20,12:30,13:50,09:30,10:50,11:00,12:20,12:30,13:50,,,,,,,14:00,15:20,18:00,19:20,,,,,14:00,15:20,,,,,,,,,,,,,,,,,,,,,,,,,,,,,,,,,,,,,,,,,,,,,,,,,,,,,,,,,,,,,,,,,,,,,,,,,,,,,,,,,,,,,,,,,,,,,,,,
PA103,Boca,PA,103,Stage,25,true,false,false,false,false,10:00,15:20,13:00,17:50,15:30,17:50,10:00,12:20,13:00,15:20,15:30,17:50,,,10:00,12:20,13:00,15:20,15:30,17:50,,,10:00,12:20,13:00,15:20,15:30,17:50,,,10:00,12:20,13:00,15:20,,,,,,,,,,,,,,,,,,,,,,,,,,,,,,,,,,,,,,,,,,,,,,,,,,,,,,,,,,,,,,,,,,,,,,,,,,,,,,,,,,,,,,,,,,,,,,,,,,,,,,,,,,,,,,,,,,
PA107,Boca,PA,107,Acting Studio,49,false,false,false,false,false,11:00,12:20,12:30,15:20,,,11:00,12:20,12:30,13:50,15:30,16:50,,,11:00,12:20,12:30,14:50,15:30,16:50,,,11:00,12:20,12:30,13:50,15:30,16:50,,,11:00,12:20,12:30,14:50,15:30,16:50,,,,,,,,,,,,,,,,,,,,,,,,,,,,,,,,,,,,,,,,,,,,,,,,,,,,,,,,,,,,,,,,,,,,,,,,,,,,,,,,,,,,,,,,,,,,,,,,,,,,,,,,,,,,,,,,
PA109,Boca,PA,109,Classroom,25,false,false,false,false,false,10:00,12:50,,,,,09:30,10:50,11:00,12:20,14:00,15:20,,,09:30,10:50,11:00,12:20,12:30,13:50,,,09:30,10:50,11:00,12:20,14:00,15:20,,,09:30,10:50,11:00,12:20,12:30,13:50,,,,,,,,,,,,,,,,,,,,,,,,,,,,,,,,,,,,,,,,,,,,,,,,,,,,,,,,,,,,,,,,,,,,,,,,,,,,,,,,,,,,,,,,,,,,,,,,,,,,,,,,,,,,,,,,
PH111A,Boca,PH,111A,Classroom,25,false,false,false,false,false,,,,,,,,,,,,,,,,,,,,,,,,,,,,,,,,,,,,,,,,,,,,,,,,,,,,,,,,,,,,,,,,,,,,,,,,,,,,,,,,,,,,,,,,,,,,,,,,,,,,,,,,,,,,,,,,,,,,,,,,,,,,,,,,,,,,,,,,,,,,,,,,,,,,
PH111B,Boca,PH,111B,Classroom,25,false,false,false,false,false,,,,,,,,,,,,,,,,,,,,,,,,,,,,,,,,,,,,,,,,,,,,,,,,,,,,,,,,,,,,,,,,,,,,,,,,,,,,,,,,,,,,,,,,,,,,,,,,,,,,,,,,,,,,,,,,,,,,,,,,,,,,,,,,,,,,,,,,,,,,,,,,,,,,
PS109,Boca,PS,109,Classroom,50,false,false,false,false,false,,,,,,,08:00,09:50,12:00,13:50,14:00,15:20,16:00,17:50,08:00,09:50,10:00,11:50,12:30,13:50,14:00,15:50,08:00,09:50,12:00,13:50,14:00,15:20,16:00,17:50,08:00,09:50,10:00,11:50,12:30,13:50,16:00,17:50,14:00,15:50,,,,,,,,,,,,,,,,,,,,,16:00,17:50,,,,,,,,,,,,,,,,,,,,,,,,,,,,,,,,,,,,,,,,,,,,,,,,,,,,,,,,,,,,,,,,,,,,,,,,,,,,,,,,,,,,,,
PS111,Boca,PS,111,Classroom,36,false,false,false,false,false,10:00,11:50,16:00,17:20,,,10:00,11:50,12:00,13:50,14:00,15:50,19:10,20:30,08:00,09:50,10:00,11:50,12:00,13:50,14:00,15:50,10:00,11:50,12:00,13:50,14:00,15:50,19:10,20:30,08:00,09:50,10:00,11:50,12:00,13:50,16:00,17:20,14:00,15:50,,,,,,,,,,,,,,,,,,,,,,,,,,,,,,,,,,,,,,,,,,,,,,,,,,,,,,,,,,,,,,,,,,,,,,,,,,,,,,,,,,,,,,,,,,,,,,,,,,,,,,,,,,,,
PS112,Boca,PS,112,Classroom,44,false,false,false,false,false,12:00,12:50,14:00,14:50,16:00,17:20,09:30,10:50,11:00,12:20,12:30,13:50,14:00,15:50,14:00,14:50,16:00,17:20,,,,,09:30,10:50,11:00,12:20,12:30,13:50,14:00,15:50,14:00,14:50,,,,,,,,,,,,,,,,,,,,,,,,,,,,,,,,,,,,,,,,,,,,,,,,,,,,,,,,,,,,,,,,,,,,,,,,,,,,,,,,,,,,,,,,,,,,,,,,,,,,,,,,,,,,,,,,,,,,
PS113,Boca,PS,113,Classroom,36,false,false,false,false,false,09:00,09:50,14:00,16:50,18:30,21:20,09:30,10:50,18:30,21:20,,,,,09:00,09:50,10:00,11:50,14:00,15:50,,,11:00,11:50,09:30,10:50,18:30,21:20,,,09:00,09:50,10:00,11:50,14:00,15:50,,,,,19:10,22:00,,,,,,,,,,,,,,,,,,,,,,,,,,,,,,,,,,,,,,,,,,,08:30,16:30,,,,,,,,,,,,,,,,,,,,,,,,,,,,,,,,,,,,,,,,,,,,,,,,,,,,,,,,,,,,,08:30,16:30
PS125,Boca,PS,125,Lab,12,true,false,false,false,false,09:00,10:50,,,,,19:10,22:00,,,,,,,19:10,22:00,,,,,,,16:00,18:50,,,,,,,,,,,,,,,,,,,,,,,,,,,,,,,,,,,,,,,,,,,,,,,,,,,,,,,,,,,,,,,,,,,,,,,,,,,,,,,,,,,,,,,,,,,,,,,,,,,,,,,,,,,,,,,,,,,,,,,,,,,,
PS130,Boca,PS,130,Lab,7,true,false,false,false,false,,,,,,,,,,,,,,,,,,,,,,,,,,,,,,,,,,,,,,,,,,,,,,,,,,,,,,,,,,,,,,,,,,,,,,,,,,,,,,,,,,,,,,,,,,,,,,,,,,,,,,,,,,,,,,,,,,,,,,,,,,,,,,,,,,,,,,,,,,,,,,,,,,,,
PS149,Boca,PS,149,Lab,18,true,false,false,false,false,,,,,,,08:00,09:50,10:00,11:50,12:00,13:50,14:00,15:50,08:00,09:50,10:00,11:50,12:00,13:50,14:00,15:50,10:00,11:50,12:00,13:50,14:00,15:50,16:00,17:50,10:00,11:50,12:00,13:50,,,16:00,17:50,,,,,16:00,17:50,,,,,,,,,,,,,,,,,,,,,,,,,,,,,,,,,,,,,,,,,,,,,,,,,,,,,,,,,,,,,,,,,,,,,,,,,,,,,,,,,,,,,,,,,,,,,,,,,,,,,,,,
PS150,Boca,PS,150,Lab,18,true,false,false,false,false,,,,,,,08:00,09:50,10:00,11:50,12:00,13:50,14:00,15:50,08:00,09:50,10:00,11:50,12:00,13:50,14:00,15:50,10:00,11:50,12:00,13:50,14:00,15:50,16:00,17:50,10:00,11:50,12:00,13:50,,,16:00,17:50,,,,,16:00,17:50,,,,,,,,,,,,,,,,,,,,,,,,,,,,,,,,,,,,,,,,,,,,,,,,,,,,,,,,,,,,,,,,,,,,,,,,,,,,,,,,,,,,,,,,,,,,,,,,,,,,,,,,
PS151,Boca,PS,151,Lab,18,true,false,false,false,false,,,,,,,10:00,11:50,12:00,13:50,14:00,15:50,16:00,17:50,08:00,09:50,10:00,11:50,12:00,13:50,14:00,15:50,10:00,11:50,12:00,13:50,14:00,15:50,16:00,17:50,10:00,11:50,,,,,16:00,17:50,,,,,,,,,,,,,,,,,,,,,,,,,,,,,,,,,,,,,,,,,,,,,,,,,,,,,,,,,,,,,,,,,,,,,,,,,,,,,,,,,,,,,,,,,,,,,,,,,,,,,,,,,,,,,,
PS152,Boca,PS,152,Lab,18,true,false,false,false,false,,,,,,,08:00,09:50,10:00,11:50,12:00,13:50,14:00,15:50,08:00,09:50,10:00,11:50,12:00,13:50,14:00,15:50,10:00,11:50,12:00,13:50,14:00,15:50,,,10:00,11:50,,,,,,,,,,,,,,,,,,,,,,,,,,,,,,,,,,,,,,,,,,,,,,,,,,,,,,,,,,,,,,,,,,,,,,,,,,,,,,,,,,,,,,,,,,,,,,,,,,,,,,,,,,,,,,,,,,,,
PS204,Boca,PS,204,Lab,24,true,false,false,false,false,09:00,11:50,12:00,14:50,15:00,17:50,09:00,11:50,12:00,14:50,15:00,17:50,,,09:00,11:50,12:00,14:50,15:00,17:50,18:00,20:50,09:00,11:50,12:00,14:50,15:00,17:50,,,09:00,11:50,,,,,,,,,18:00,20:50,,,,,,,,,,,,,,,,,,,,,,,,,,,,,,,,,,,,,,,,,,,,,,,,,,,,,,,,,,,,,,,,,,,,,,,,,,,,,,,,,,,,,,,,,,,,,,,,,,,,,,,,,,
PS206,Boca,PS,206,Lab,24,true,false,false,false,false,09:00,11:50,12:00,14:50,15:00,17:50,09:00,11:50,12:00,14:50,15:00,17:50,,,09:00,11:50,12:00,14:50,15:00,17:50,,,12:00,14:50,,,,,,,09:00,11:50,,,,,,,,,18:00,20:50,,,,,,,,,,,,,,,,,,,,,,,,,,,,,,,,,,,,,,,,,,,,,,,,,,,,,,,,,,,,,,,,,,,,,,,,,,,,,,,,,,,,,,,,,,,,,,,,,,,,,,,,,,
PS209,Boca,PS,209,Lab,24,true,false,false,false,false,09:00,11:50,12:00,14:50,15:00,17:50,09:00,11:50,12:00,14:50,15:00,17:50,18:30,21:20,09:00,11:50,12:00,14:50,15:00,17:50,18:00,20:50,09:00,11:50,12:00,14:50,15:00,17:50,,,,,,,,,,,,,18:00,20:50,,,,,,,,,,,,,,,,,,,,,,,,,,,,,,,,,,,,,,,,,,,,,,,,,,,,,,,,,,,,,,,,,,,,,,,,,,,,,,,,,,,,,,,,,,,,,,,,,,,,,,,,,,
PS210,Boca,PS,210,Lab,24,true,false,false,false,false,09:00,11:50,12:00,14:50,18:00,20:50,09:00,11:50,12:00,14:50,15:00,17:50,18:30,21:20,09:00,11:50,12:00,14:50,15:00,17:50,,,15:00,17:50,,,,,,,,,,,,,,,,,,,,,,,,,,,,,,,,,,,,,,,,,,,,,,,,,,,,,,,,,,,,,,,,,,,,,,,,,,,,,,,,,,,,,,,,,,,,,,,,,,,,,,,,,,,,,,,,,,,,,,,,,,,,
PS226,Boca,PS,226,Classroom,16,true,true,false,true,true,16:00,17:20,,,,,09:30,10:50,12:30,13:50,16:00,17:20,,,09:30,10:50,11:00,12:20,12:30,13:50,16:00,17:20,09:30,10:50,12:30,13:50,16:00,17:20,,,09:30,10:50,11:00,12:20,12:30,13:50,,,14:00,15:50,,,,,,,,,,,,,,,,,,,,,16:00,16:50,,,,,,,,,,,,,,,,,,,,,,,,,,,,,,,,,,,,,,,,,,,,,,,,,,,,,,,,,,,,,,,,,,,,,,,,,,,,,,,,,,,,,,
PS227,Boca,PS,227,Classroom,60,false,false,false,false,false,09:00,10:50,19:10,22:00,,,09:00,09:50,10:00,11:50,12:00,13:50,14:00,14:50,09:00,10:50,11:00,13:50,16:00,17:20,19:10,22:00,10:00,11:50,12:00,13:50,14:00,14:50,15:30,16:20,09:00,10:50,11:00,13:50,16:00,17:20,,,,,,,15:30,16:20,,,,,,,,,,,,,,,,,,,,,,,,,,,,,,,,,,,,,,,,,,,,,,,,,,,,,,,,,,,,,,,,,,,,,,,,,,,,,,,,,,,,,,,,,,,,,,,,,,,,,,,,
PS334,Boca,PS,334,Instructional Computer Lab,41,true,false,false,false,false,,,,,,,13:00,13:50,,,,,,,,,,,,,,,13:00,13:50,,,,,,,,,,,,,,,,,,,,,,,,,,,,,,,,,,,,,,,,,,,,,,,,,,,,,,,,,,,,,,,,,,,,,,,,,,,,,,,,,,,,,,,,,,,,,,,,,,,,,,,,,,,,,,,,,,,,,,,,,,,,
PS337,Boca,PS,337,Classroom,46,true,false,false,false,false,12:30,13:50,,,,,,,,,,,,,12:30,13:50,,,,,,,,,,,,,,,,,,,,,,,,,,,,,,,,,,,,,,,,,,,,,,,,,,,,,,,,,,,,,,,,,,,,,,,,,,,,,,,,,,,,,,,,,,,,,,,,,,,,,,,,,,,,,,,,,,,,,,,,,,,,,,,,,,,,
SC107,Boca,SC,107,Lab,18,true,false,false,false,false,09:00,11:50,12:00,14:50,15:00,17:50,09:30,12:20,15:30,17:20,,,,,09:00,11:50,12:00,14:50,15:00,17:50,18:00,20:50,09:30,12:20,15:30,17:20,,,,,13:00,14:50,,,,,14:30,17:20,,,,,,,,,,,,,,,,,,,,,,,,,,,18:00,20:50,,,,,,,,,,,,,,,,,,,,,,,,,,,,,,,,,,,,,,,,,,,,,,,,,,,,,,,,,,,,,,,,,,,,,,,,,,,,,,,,,,
SC108,Boca,SC,108,Lab,25,true,false,false,false,false,13:00,14:50,15:00,16:50,,,08:00,09:50,10:00,11:50,12:00,13:50,14:00,15:50,09:00,10:50,13:00,14:50,15:00,16:50,,,08:00,09:50,10:00,11:50,12:00,13:50,14:00,15:50,,,,,,,,,,,,,,,,,,,,,,,,,,,,,,,,,,,,,,,,,,,,,,,,,,,,,,,,,,,,,,,,,,,,,,,,,,,,,,,,,,,,,,,,,,,,,,,,,,,,,,,,,,,,,,,,,,,,,,
SC115,Boca,SC,115,Lab,26,true,false,false,false,false,09:00,11:50,12:00,14:50,15:00,17:50,08:00,10:50,11:00,13:50,,,,,11:00,12:50,13:00,14:50,15:30,19:20,,,08:00,09:50,10:00,11:50,12:00,13:50,14:00,15:50,08:00,09:50,10:00,11:50,11:00,12:50,,,12:00,13:50,18:00,20:50,,,,,,,,,16:00,17:50,,,,,,,,,13:00,14:50,,,,,,,14:00,15:50,,,,,,,,,,,,,,,,,,,,,,,,,,,,,,,,,,,,,,,,,,,,,,,,,,,,,,,,,,,,,,,,,,,,,,,,,,,,,,
SC116,Boca,SC,116,Lab,24,true,false,false,false,false,08:00,09:50,10:00,11:50,12:00,13:50,08:00,09:50,10:00,11:50,12:00,13:50,14:00,15:50,08:00,09:50,10:00,11:50,12:00,13:50,14:00,15:50,10:00,11:50,12:00,13:50,14:00,15:50,09:30,10:50,08:00,09:50,10:00,11:50,12:00,13:50,16:00,17:50,,,14:00,15:50,16:00,17:50,18:00,19:50,09:30,10:50,16:00,17:50,,,,,,,16:00,17:50,18:00,19:50,,,16:00,17:20,16:00,17:20,14:00,15:50,,,,,18:00,19:50,,,,,,,,,,,,,18:00,19:50,,,,,,,,,,,,,,,,,,,,,,,,,,,,,,,,,,,,,,,,,,,,,,,,,,,,,,,,,,,,
SC119,Boca,SC,119,Classroom,34,true,false,false,false,false,10:00,10:50,11:00,11:50,15:00,15:50,09:30,10:50,11:00,12:20,12:30,13:50,14:00,15:20,10:00,10:50,11:00,11:50,16:00,17:20,18:30,21:20,09:30,10:50,11:00,12:20,12:30,13:50,14:00,15:20,10:00,10:50,11:00,11:50,,,,,,,16:00,17:20,15:30,16:50,17:00,18:20,18:30,21:20,,,15:30,16:50,17:00,18:20,18:30,21:20,18:30,21:20,,,,,,,,,,,,,,,,,,,,,,,,,,,,,,,,,,,,,,,,,,,,,,,,,,,,,,,,,,,,,,,,,,,,,,,,,,,,,,,,,,,,,,,,,,
SC141,Boca,SC,141,Classroom,31,true,true,false,true,true,,,,,,,11:00,12:50,,,,,,,09:00,10:20,12:00,14:50,,,,,11:00,12:50,,,,,,,13:00,15:50,,,,,,,,,,,,,,,,,,,,,,,,,,,,,,,,,,,,,,,,,,,,,,,,,,,,,,,,,,,,,,,,,,,,,,,,,,,,,,,,,,,,,,,,,,,,,,,,,,,,,,,,,,,,,,,,,,,,
SC143,Boca,SC,143,Lab,24,true,false,false,false,false,,,,,,,,,,,,,,,,,,,,,,,,,,,,,,,,,,,,,,,,,,,,,,,,,,,,,,,,,,,,,,,,,,,,,,,,,,,,,,,,,,,,,,,,,,,,,,,,,,,,,,,,,,,,,,,,,,,,,,,,,,,,,,,,,,,,,,,,,,,,,,,,,,,,
SC144,Boca,SC,144,Lab,24,true,false,false,false,false,09:00,11:50,12:00,14:50,15:00,17:50,08:00,10:50,11:00,13:50,14:00,16:50,17:30,20:20,08:00,10:50,11:00,13:50,14:00,16:50,17:00,19:50,08:00,10:50,11:00,13:50,14:00,16:50,17:30,20:20,08:00,10:50,11:00,13:50,14:00,16:50,20:00,22:50,,,18:00,20:50,,,,,,,,,,,,,,,,,,,,,,,,,,,,,,,,,,,,,,,,,,,,,,,,,,,,,,,,,,,,,,,,,,,,,,,,,,,,,,,,,,,,,,,,,,,,,,,,,,,,,,,,,,
SC145,Boca,SC,145,Lab,24,true,false,false,false,false,09:00,11:50,12:00,14:50,15:00,17:50,08:00,10:50,11:00,13:50,14:00,16:50,17:30,20:20,08:00,10:50,11:00,13:50,14:00,16:50,17:00,19:50,17:30,20:20,,,,,,,08:00,10:50,,,,,20:00,22:50,,,18:00,20:50,,,,,,,,,,,,,,,,,,,,,,,,,,,,,,,,,,,,,,,,,,,,,,,,,,,,,,,,,,,,,,,,,,,,,,,,,,,,,,,,,,,,,,,,,,,,,,,,,,,,,,,,,,
SC146,Boca,SC,146,Lab,24,true,false,false,false,false,09:00,10:50,11:00,12:50,13:00,14:50,08:00,10:50,11:00,13:50,14:00,15:50,16:00,17:50,08:00,09:50,10:00,11:50,12:00,13:50,14:00,15:50,08:00,09:50,10:00,11:50,12:00,13:50,14:00,15:50,08:00,09:50,10:00,11:50,12:00,13:50,16:00,17:50,,,15:00,16:50,18:00,19:50,20:00,21:50,,,,,16:00,17:50,18:00,19:50,,,17:00,18:50,19:00,20:50,,,,,18:00,19:50,,,,,,,,,,,,,,,,,,,,,,,,,,,,,,,,,,,,,,,,,,,,,,,,,,,,,,,,,,,,,,,,,,,,,,,,,,,,,,,,,,
SC178,Boca,SC,178,Classroom,40,false,false,false,false,false,11:00,11:50,12:00,12:50,13:00,13:50,09:30,10:50,11:00,12:20,12:30,13:50,18:30,21:20,11:00,11:50,12:00,12:50,13:00,13:50,,,09:30,10:50,11:00,12:20,12:30,13:50,,,11:00,11:50,12:00,12:50,13:00,13:50,,,,,14:00,15:20,,,,,,,,,,,,,,,15:30,16:30,,,,,,,,,,,,,,,,,,,,,,,,,,,,,,,,,,,,,,,,,,,,,,,,,,,,,,,,,,,,,,,,,,,,,,,,,,,,,,,,,,,,,,,,,,
SC179,Boca,SC,179,Classroom,40,false,false,false,false,false,11:00,11:50,14:00,16:50,19:10,22:00,14:00,15:50,14:00,15:50,14:00,16:50,18:30,21:20,11:00,11:50,15:30,16:50,18:30,21:20,,,14:00,15:50,14:00,15:50,18:30,21:20,19:10,22:00,11:00,11:50,15:30,16:50,,,,,,,,,,,,,,,,,,,,,,,,,,,,,,,,,,,,,,,,,,,,,,,,,,,,,,,,,,,,,,,,,,,,,,,,,,,,,,,,,,,,,,,,,,,,,,,,,,,,,,,,,,,,,,,,,,
SC180,Boca,SC,180,Classroom,62,true,false,false,false,false,14:00,16:30,,,,,08:00,09:20,09:30,10:50,11:00,12:20,12:30,13:50,09:30,10:50,11:00,12:20,,,,,08:00,09:20,09:30,10:50,11:00,12:20,12:30,13:50,09:30,10:50,11:00,12:20,,,,,,,,,14:00,15:20,15:30,16:50,,,,,14:00,15:20,15:30,16:50,,,,,,,,,,,,,,,,,,,,,,,,,,,,,,,,,,,,,,,,,,,,,,,,,,,,,,,,,,,,,,,,,,,,,,,,,,,,,,,,,,,,,,,,,,,,,,
SE150,Boca,SE,150,Instructional Computer Lab,50,true,false,false,false,false,11:00,12:50,,,,,09:00,10:50,11:00,12:50,13:00,14:50,,,09:00,10:50,11:00,12:50,13:00,14:50,,,09:00,10:50,11:00,12:50,13:00,14:50,,,09:00,10:50,13:00,14:50,,,,,,,,,,,,,,,,,,,,,,,,,,,,,,,,,,,,,,,,,,,,,,,,,,,,,,,,,,,,,,,,,,,,,,,,,,,,,,,,,,,,,,,,,,,,,,,,,,,,,,,,,,,,,,,,,,
SE215,Boca,SE,215,Classroom,28,false,false,false,false,false,,,,,,,,,,,,,,,,,,,,,,,,,,,,,,,13:00,13:50,,,,,,,,,,,,,,,,,,,,,,,,,,,,,,,,,,,,,,,,,,,,,,,,,,,,,,,,,,,,,,,,,,,,,,,,,,,,,,,,,,,,,,,,,,,,,,,,,,,,,,,,,,,,,,,,,,,,
SE271,Boca,SE,271,Instructional Computer Lab,30,false,false,false,false,false,14:00,14:50,16:00,17:20,,,08:00,09:20,09:30,10:50,12:00,13:20,14:00,15:20,14:00,14:50,16:00,17:20,,,,,08:00,09:20,09:30,10:50,12:00,13:20,14:00,15:20,14:00,14:50,,,,,,,,,,,,,,,,,,,,,,,,,,,,,,,,,,,,,,,,,,,,,,,,,,,,,,,,,,,,,,,,,,,,,,,,,,,,,,,,,,,,,,,,,,,,,,,,,,,,,,,,,,,,,,,,,,,,
SE314,Boca,SE,314,Instructional Computer Lab,37,false,false,false,false,false,16:00,17:20,,,,,,,,,,,,,16:00,17:20,,,,,,,,,,,,,,,,,,,,,,,,,,,,,,,,,,,,,,,,,,,,,,,,,,,,,,,,,,,,,,,,,,,,,,,,,,,,,,,,,,,,,,,,,,,,,,,,,,,,,,,,,,,,,,,,,,,,,,,,,,,,,,,,,,,,
SE319,Boca,SE,319,Physics Lab,28,false,false,false,false,false,11:00,12:20,,,,,10:30,12:20,15:00,16:20,,,,,,,,,,,,,10:30,12:20,15:00,16:20,,,,,11:00,12:20,,,,,,,,,,,,,,,,,,,,,,,,,,,,,,,,,,,,,,,,,,,,,,,,,,,,,,,,,,,,,,,,,,,,,,,,,,,,,,,,,,,,,,,,,,,,,,,,,,,,,,,,,,,,,,,,,,,,
SE319B,Boca,SE,319B,Classroom,38,false,false,false,false,false,,,,,,,,,,,,,,,,,,,,,,,,,,,,,,,,,,,,,,,,,,,,,,,,,,,,,,,,,,,,,,,,,,,,,,,,,,,,,,,,,,,,,,,,,,,,,,,,,,,,,,,,,,,,,,,,,,,,,,,,,,,,,,,,,,,,,,,,,,,,,,,,,,,,
SE330,Boca,SE,330,Open Computer Lab,46,false,false,false,false,false,,,,,,,,,,,,,,,,,,,,,,,,,,,,,,,,,,,,,,,,,,,,,,,,,,,,,,,,,,,,,,,,,,,,,,,,,,,,,,,,,,,,,,,,,,,,,,,,,,,,,,,,,,,,,,,,,,,,,,,,,,,,,,,,,,,,,,,,,,,,,,,,,,,,
SE340,Boca,SE,340,Open Computer Lab,47,false,false,false,false,false,14:00,15:50,,,,,10:00,11:50,12:00,13:50,,,,,,,,,,,,,15:00,16:50,,,,,,,12:00,13:50,,,,,,,,,,,,,,,,,,,,,,,,,,,,,,,,,,,,,,,,,,,,,,,,,,,,,,,,,,,,,,,,,,,,,,,,,,,,,,,,,,,,,,,,,,,,,,,,,,,,,,,,,,,,,,,,,,,,
SE350,Boca,SE,350,Open Computer Lab,49,false,false,false,false,false,08:00,09:50,10:00,11:50,12:00,13:50,14:00,15:50,,,,,,,,,,,,,,,08:00,09:50,10:00,11:50,,,,,,,,,,,,,,,16:00,17:50,,,,,,,,,,,,,,,18:00,19:50,,,,,,,,,,,,,,,,,,,,,,,,,,,,,,,,,,,,,,,,,,,,,,,,,,,,,,,,,,,,,,,,,,,,,,,,,,,,,,,,,,,,,,,,,,
SE417,Boca,SE,417,Classroom,50,false,false,false,false,false,11:00,13:50,14:00,16:50,,,09:30,10:50,11:00,12:20,,,,,,,,,,,,,09:30,10:50,11:00,12:20,,,,,,,,,,,,,,,,,,,,,,,,,,,,,,,,,,,,,,,,,,,,,,,,,,,,,,,,,,,,,,,,,,,,,,,,,,,,,,,,,,,,,,,,,,,,,,,,,,,,,,,,,,,,,,,,,,,,,,,,,,
SE421,Boca,SE,421,Lab,34,true,false,false,false,false,,,,,,,08:00,09:50,10:00,11:50,14:00,15:50,,,,,,,,,,,08:00,09:50,10:00,11:50,14:00,15:50,,,,,,,,,,,,,,,,,,,,,,,,,,,,,,,,,,,,,,,,,,,,,,,,,,,,,,,,,,,,,,,,,,,,,,,,,,,,,,,,,,,,,,,,,,,,,,,,,,,,,,,,,,,,,,,,,,,,,,,,
SE435,Boca,SE,435,Lab,15,true,false,false,false,false,,,,,,,12:30,14:20,,,,,,,11:00,12:50,,,,,,,12:30,14:20,,,,,,,11:00,12:50,,,,,,,,,,,,,,,,,,,,,,,,,,,,,,,,,,,,,,,,,,,,,,,,,,,,,,,,,,,,,,,,,,,,,,,,,,,,,,,,,,,,,,,,,,,,,,,,,,,,,,,,,,,,,,,,,,,,
SE457,Boca,SE,457,Lab,45,true,false,false,false,false,11:00,13:50,,,,,11:00,12:20,14:00,15:20,,,,,09:30,10:50,14:00,16:50,,,,,11:00,12:20,14:00,15:20,,,,,09:30,10:50,,,,,,,,,,,,,,,,,,,,,,,,,,,,,,,,,,,,,,,,,,,,,,,,,,,,,,,,,,,,,,,,,,,,,,,,,,,,,,,,,,,,,,,,,,,,,,,,,,,,,,,,,,,,,,,,,,,,
SE483,Boca,SE,483,Classroom,21,false,false,false,false,false,09:30,10:50,14:00,15:20,16:00,17:20,09:30,10:50,11:00,12:20,12:30,13:50,14:00,15:50,09:30,10:50,11:00,12:20,12:30,13:50,14:00,15:20,09:30,10:50,11:00,12:20,12:30,13:50,14:00,15:50,09:30,10:50,11:00,12:20,12:30,13:50,16:00,17:20,14:00,15:20,,,16:00,17:50,,,,,,,16:00,17:50,18:00,19:50,,,,,,,,,,,19:10,22:00,,,,,,,,,,,,,,,,,,,,,,,,,,,,,,,,,,,,,,,,,,,,,,,,,,,,,,,,,,,,,,,,,,,,,,,,,,,,,,,,,,
SF107,Boca,SF,107,Auditorium,144,true,false,true,false,false,,,,,,,,,,,,,,,,,,,,,,,,,,,,,,,,,,,,,,,,,,,,,,,,,,,,,,,,,,,,,,,,,,,,,,,,,,,,,,,,,,,,,,,,,,,,,,,,,,,,,,,,,,,,,,,,,,,,,,,,,,,,,,,,,,,,,,,,,,,,,,,,,,,,
SF109,Boca,SF,109,Classroom,45,true,false,true,true,false,,,,,,,,,,,,,,,,,,,,,,,,,,,,,,,,,,,,,,,,,,,,,,,,,,,,,,,,,,,,,,,,,,,,,,,,,,,,,,,,,,,,,,,,,,,,,,,,,,,,,,,,,,,,,,,,,,,,,,,,,,,,,,,,,,,,,,,,,,,,,,,,,,,,
SF110,Boca,SF,110,Classroom,45,true,false,true,true,false,,,,,,,,,,,,,,,,,,,,,,,,,,,,,,,,,,,,,,,,,,,,,,,,,,,,,,,,,,,,,,,,,,,,,,,,,,,,,,,,,,,,,,,,,,,,,,,,,,,,,,,,,,,,,,,,,,,,,,,,,,,,,,,,,,,,,,,,,,,,,,,,,,,,
SF111,Boca,SF,111,Classroom,45,true,false,true,true,false,,,,,,,,,,,,,,,,,,,,,,,,,,,,,,,,,,,,,,,,,,,,,,,,,,,,,,,,,,,,,,,,,,,,,,,,,,,,,,,,,,,,,,,,,,,,,,,,,,,,,,,,,,,,,,,,,,,,,,,,,,,,,,,,,,,,,,,,,,,,,,,,,,,,
SF112,Boca,SF,112,Instructional Computer Lab,45,true,false,true,true,false,,,,,,,,,,,,,,,,,,,,,,,,,,,,,,,,,,,,,,,,,,,,,,,,,,,,,,,,,,,,,,,,,,,,,,,,,,,,,,,,,,,,,,,,,,,,,,,,,,,,,,,,,,,,,,,,,,,,,,,,,,,,,,,,,,,,,,,,,,,,,,,,,,,,
SF114,Boca,SF,114,Instructional Computer Lab,45,true,false,true,true,false,,,,,,,,,,,,,,,,,,,,,,,,,,,,,,,,,,,,,,,,,,,,,,,,,,,,,,,,,,,,,,,,,,,,,,,,,,,,,,,,,,,,,,,,,,,,,,,,,,,,,,,,,,,,,,,,,,,,,,,,,,,,,,,,,,,,,,,,,,,,,,,,,,,,
SF116,Boca,SF,116,Instructional Computer Lab,45,true,false,true,true,false,,,,,,,,,,,,,,,,,,,,,,,,,,,,,,,,,,,,,,,,,,,,,,,,,,,,,,,,,,,,,,,,,,,,,,,,,,,,,,,,,,,,,,,,,,,,,,,,,,,,,,,,,,,,,,,,,,,,,,,,,,,,,,,,,,,,,,,,,,,,,,,,,,,,
SF118,Boca,SF,118,Classroom,45,true,false,true,true,false,,,,,,,14:00,16:50,,,,,,,,,,,,,,,,,,,,,,,,,,,,,,,,,,,,,,,,,,,,,,,,,,,,,,,,,,,,,,,,,,,,,,,,,,,,,,,,,,,,,,,,,,,,,,,,,,,,,,,,,,,,,,,,,,,,,,,,,,,,,,,,,,,,,,,,,,,,
SF122,Boca,SF,122,Classroom,45,true,false,true,true,false,11:00,13:50,,,,,,,,,,,,,,,,,,,,,,,,,,,,,,,,,,,,,,,,,,,,,,,,,,,,,,,,,,,,,,,,,,,,,,,,,,,,,,,,,,,,,,,,,,,,,,,,,,,,,,,,,,,,,,,,,,,,,,,,,,,,,,,,,,,,,,,,,,,,,,,,,,
SF127,Boca,SF,127,Active Learning Classroom,80,true,false,true,true,false,,,,,,,,,,,,,,,,,,,,,,,,,,,,,,,,,,,,,,,,,,,,,,,,,,,,,,,,,,,,,,,,,,,,,,,,,,,,,,,,,,,,,,,,,,,,,,,,,,,,,,,,,,,,,,,,,,,,,,,,,,,,,,,,,,,,,,,,,,,,,,,,,,,,
SF128,Boca,SF,128,Active Learning Classroom,200,true,false,true,true,false,,,,,,,,,,,,,,,,,,,,,,,,,,,,,,,,,,,,,,,,,,,,,,,,,,,,,,,,,,,,,,,,,,,,,,,,,,,,,,,,,,,,,,,,,,,,,,,,,,,,,,,,,,,,,,,,,,,,,,,,,,,,,,,,,,,,,,,,,,,,,,,,,,,,
SF146,Boca,SF,146,Classroom,79,false,false,false,false,false,,,,,,,,,,,,,,,,,,,,,,,,,,,,,,,,,,,,,,,,,,,,,,,,,,,,,,,,,,,,,,,,,,,,,,,,,,,,,,,,,,,,,,,,,,,,,,,,,,,,,,,,,,,,,,,,,,,,,,,,,,,,,,,,,,,,,,,,,,,,,,,,,,,,
SF146B,Boca,SF,146B,Science Lab,22,false,false,false,false,false,,,,,,,,,,,,,,,,,,,,,,,,,,,,,,,,,,,,,,,,,,,,,,,,,,,,,,,,,,,,,,,,,,,,,,,,,,,,,,,,,,,,,,,,,,,,,,,,,,,,,,,,,,,,,,,,,,,,,,,,,,,,,,,,,,,,,,,,,,,,,,,,,,,,
SF146C,Boca,SF,146C,Science Lab,148,false,false,false,false,false,,,,,,,,,,,,,,,,,,,,,,,,,,,,,,,,,,,,,,,,,,,,,,,,,,,,,,,,,,,,,,,,,,,,,,,,,,,,,,,,,,,,,,,,,,,,,,,,,,,,,,,,,,,,,,,,,,,,,,,,,,,,,,,,,,,,,,,,,,,,,,,,,,,,
SF146D,Boca,SF,146D,Science Lab,49,false,false,false,false,false,,,,,,,,,,,,,,,,,,,,,,,,,,,,,,,,,,,,,,,,,,,,,,,,,,,,,,,,,,,,,,,,,,,,,,,,,,,,,,,,,,,,,,,,,,,,,,,,,,,,,,,,,,,,,,,,,,,,,,,,,,,,,,,,,,,,,,,,,,,,,,,,,,,,
SF147A,Boca,SF,147A,Open Computer Lab,52,false,false,false,false,false,,,,,,,,,,,,,,,,,,,,,,,,,,,,,,,,,,,,,,,,,,,,,,,,,,,,,,,,,,,,,,,,,,,,,,,,,,,,,,,,,,,,,,,,,,,,,,,,,,,,,,,,,,,,,,,,,,,,,,,,,,,,,,,,,,,,,,,,,,,,,,,,,,,,
SF147B,Boca,SF,147B,Conference room,22,false,false,false,false,false,,,,,,,,,,,,,,,,,,,,,,,,,,,,,,,,,,,,,,,,,,,,,,,,,,,,,,,,,,,,,,,,,,,,,,,,,,,,,,,,,,,,,,,,,,,,,,,,,,,,,,,,,,,,,,,,,,,,,,,,,,,,,,,,,,,,,,,,,,,,,,,,,,,,
SF147C,Boca,SF,147C,Conference Room,24,false,false,false,false,false,,,,,,,,,,,,,,,,,,,,,,,,,,,,,,,,,,,,,,,,,,,,,,,,,,,,,,,,,,,,,,,,,,,,,,,,,,,,,,,,,,,,,,,,,,,,,,,,,,,,,,,,,,,,,,,,,,,,,,,,,,,,,,,,,,,,,,,,,,,,,,,,,,,,
SF148,Boca,SF,148,Open Computer Lab,33,false,false,false,false,false,,,,,,,,,,,,,,,,,,,,,,,,,,,,,,,,,,,,,,,,,,,,,,,,,,,,,,,,,,,,,,,,,,,,,,,,,,,,,,,,,,,,,,,,,,,,,,,,,,,,,,,,,,,,,,,,,,,,,,,,,,,,,,,,,,,,,,,,,,,,,,,,,,,,
SF152,Boca,SF,152,Classroom,64,false,false,false,false,false,,,,,,,,,,,,,,,,,,,,,,,,,,,,,,,,,,,,,,,,,,,,,,,,,,,,,,,,,,,,,,,,,,,,,,,,,,,,,,,,,,,,,,,,,,,,,,,,,,,,,,,,,,,,,,,,,,,,,,,,,,,,,,,,,,,,,,,,,,,,,,,,,,,,
SF158G,Boca,SF,158G,Conference Room,18,true,false,false,false,false,,,,,,,,,,,,,,,,,,,,,,,,,,,,,,,,,,,,,,,,,,,,,,,,,,,,,,,,,,,,,,,,,,,,,,,,,,,,,,,,,,,,,,,,,,,,,,,,,,,,,,,,,,,,,,,,,,,,,,,,,,,,,,,,,,,,,,,,,,,,,,,,,,,,
SF164,Boca,SF,164,Classroom,31,false,false,false,false,false,,,,,,,,,,,,,,,,,,,,,,,,,,,,,,,,,,,,,,,,,,,,,,,,,,,,,,,,,,,,,,,,,,,,,,,,,,,,,,,,,,,,,,,,,,,,,,,,,,,,,,,,,,,,,,,,,,,,,,,,,,,,,,,,,,,,,,,,,,,,,,,,,,,,
SF165,Boca,SF,165,Classroom,29,false,false,false,false,false,,,,,,,,,,,,,,,,,,,,,,,,,,,,,,,,,,,,,,,,,,,,,,,,,,,,,,,,,,,,,,,,,,,,,,,,,,,,,,,,,,,,,,,,,,,,,,,,,,,,,,,,,,,,,,,,,,,,,,,,,,,,,,,,,,,,,,,,,,,,,,,,,,,,
SF166,Boca,SF,166,Classroom,29,false,false,false,false,false,,,,,,,,,,,,,,,,,,,,,,,,,,,,,,,,,,,,,,,,,,,,,,,,,,,,,,,,,,,,,,,,,,,,,,,,,,,,,,,,,,,,,,,,,,,,,,,,,,,,,,,,,,,,,,,,,,,,,,,,,,,,,,,,,,,,,,,,,,,,,,,,,,,,
SF169,Boca,SF,169,Auditorium,66,false,false,false,false,false,,,,,,,,,,,,,,,,,,,,,,,,,,,,,,,,,,,,,,,,,,,,,,,,,,,,,,,,,,,,,,,,,,,,,,,,,,,,,,,,,,,,,,,,,,,,,,,,,,,,,,,,,,,,,,,,,,,,,,,,,,,,,,,,,,,,,,,,,,,,,,,,,,,,
SF170,Boca,SF,170,Classroom,140,false,false,false,false,false,,,,,,,,,,,,,,,,,,,,,,,,,,,,,,,,,,,,,,,,,,,,,,,,,,,,,,,,,,,,,,,,,,,,,,,,,,,,,,,,,,,,,,,,,,,,,,,,,,,,,,,,,,,,,,,,,,,,,,,,,,,,,,,,,,,,,,,,,,,,,,,,,,,,
SF173,Boca,SF,173,Classroom,21,false,false,false,false,false,,,,,,,,,,,,,,,,,,,,,,,,,,,,,,,,,,,,,,,,,,,,,,,,,,,,,,,,,,,,,,,,,,,,,,,,,,,,,,,,,,,,,,,,,,,,,,,,,,,,,,,,,,,,,,,,,,,,,,,,,,,,,,,,,,,,,,,,,,,,,,,,,,,,
SF180,Boca,SF,180,Classroom,21,false,false,false,false,false,,,,,,,,,,,,,,,,,,,,,,,,,,,,,,,,,,,,,,,,,,,,,,,,,,,,,,,,,,,,,,,,,,,,,,,,,,,,,,,,,,,,,,,,,,,,,,,,,,,,,,,,,,,,,,,,,,,,,,,,,,,,,,,,,,,,,,,,,,,,,,,,,,,,
SF183,Boca,SF,183,Classroom,10,false,false,false,false,false,,,,,,,,,,,,,,,,,,,,,,,,,,,,,,,,,,,,,,,,,,,,,,,,,,,,,,,,,,,,,,,,,,,,,,,,,,,,,,,,,,,,,,,,,,,,,,,,,,,,,,,,,,,,,,,,,,,,,,,,,,,,,,,,,,,,,,,,,,,,,,,,,,,,
SF184,Boca,SF,184,Classroom,10,false,false,false,false,false,,,,,,,,,,,,,,,,,,,,,,,,,,,,,,,,,,,,,,,,,,,,,,,,,,,,,,,,,,,,,,,,,,,,,,,,,,,,,,,,,,,,,,,,,,,,,,,,,,,,,,,,,,,,,,,,,,,,,,,,,,,,,,,,,,,,,,,,,,,,,,,,,,,,
SO111,Boca,SO,111,Classroom,48,true,false,false,false,false,13:00,15:50,16:00,18:50,,,09:30,10:50,13:00,15:50,19:00,21:50,,,13:00,15:50,16:00,18:50,,,,,09:30,10:50,13:00,15:50,16:00,18:50,19:00,21:50,,,,,,,,,,,,,,,,,,,,,,,,,,,,,,,,,,,,,,,,,,,,,,,,,,,,,,,09:30,12:20,,,,,,,,,,,,,,,,,,,,,,,,,,,,,,,,,,,,,,,,,,,,,,,,,,,,,,,,,,,,,,
SO112,Boca,SO,112,Auditorium,75,true,false,false,false,false,,,,,,,,,,,,,,,,,,,,,,,,,,,,,,,,,,,,,,,,,,,,,,,,,,,,,,,,,,,,,,,,,,,,,,,,,,,,,,,,,,,,,,,,,,,,,,,,,,,,,,,,,,,,,,,,,,,,,,,,,,,,,,,,,,,,,,,,,,,,,,,,,,,,
SO170,Boca,SO,170,Classroom,55,true,false,false,true,false,14:00,14:50,16:00,18:50,,,09:30,10:50,11:00,12:20,12:30,13:50,14:00,15:20,09:00,09:50,11:00,12:20,12:30,13:50,14:00,16:50,09:30,10:50,11:00,12:20,12:30,13:50,14:00,15:20,09:00,09:50,11:00,12:20,12:30,13:50,18:30,21:20,,,,,15:30,16:50,17:00,18:20,18:30,21:20,,,15:30,16:50,17:00,18:20,,,,,,,,,,,,,,,,,,,,,,,,,,,,,,,,,,,,,,,,,,,,,,,,,,,,,,,,,,,,,,,,,,,,,,,,,,,,,,,,,,,,,,,,,,,,,,
SO190,Boca,SO,190,Classroom,50,true,false,false,false,false,18:00,20:50,,,,,08:00,09:20,09:30,10:50,11:00,12:20,14:00,15:20,09:30,10:50,11:00,12:20,12:30,13:50,14:00,15:20,08:00,09:20,09:30,10:50,11:00,12:20,14:00,15:20,09:30,10:50,11:00,12:20,12:30,13:50,15:30,16:50,14:00,15:20,,,18:30,21:20,,,,,,,,,,,,,,,,,15:30,16:50,,,18:00,20:50,,,,,,,,,,,,,,,,,,,,,,,,,,,,,,,,,,,,,,,,,,,,,,,,,,,,,,,,,,,,,,,,,,,,,,,,,,,,,,,,,,
SO200,Boca,SO,200,Instructional Computer Lab,46,true,false,false,false,false,10:00,10:50,11:00,13:50,14:00,16:50,14:00,16:50,18:30,21:20,,,,,12:30,13:50,14:00,15:20,17:00,18:20,18:30,21:20,14:00,16:50,,,,,,,12:30,13:50,14:00,15:20,,,,,,,17:00,18:20,,,,,,,,,,,,,,,18:30,21:20,,,,,,,,,,,,,,,,,,,,,,,,,,,,,,,,,,,,,,,,,,,,,,,,,,,,,,,,,,,,,,,,,,,,,,,,,,,,,,,,,,,,,,,,,,
SO207,Boca,SO,207,Classroom,55,true,false,false,false,false,11:00,13:50,14:00,16:50,18:30,21:20,09:30,10:50,11:00,13:50,14:00,16:50,18:30,21:20,09:30,10:50,11:00,13:50,14:00,16:50,19:10,22:00,09:30,10:50,11:00,13:50,14:00,16:50,18:30,21:20,09:30,10:50,11:00,13:50,,,,,,,,,,,,,,,,,,,,,,,,,,,,,,,,,,,,,,,,,,,,,,,,,,,,,,,,,,,,,,,,,,,,,,,,,,,,,,,,,,,,,,,,,,,,,,,,,,,,,,,,,,,,,,,,,,
SO250,Boca,SO,250,Auditorium,246,true,false,false,false,false,19:10,20:30,,,,,10:00,11:50,12:30,13:50,14:00,15:20,15:30,16:50,08:00,09:20,09:30,10:50,11:00,12:20,12:30,13:50,10:00,11:50,12:30,13:50,14:00,15:20,15:30,16:50,08:00,09:20,09:30,10:50,11:00,12:20,14:00,14:50,12:30,13:50,,,17:00,18:50,,,,,,,17:00,18:50,,,,,,,,,14:00,14:50,,,16:00,18:50,19:10,20:30,,,,,,,,,,,,,,,,,,,,,,,,,,,,,,,,,,,,,,,,,,,,,,,,,,,,,,,,,,,,,,,,,,,,,,,,,,,,,,,,
SO270,Boca,SO,270,Classroom,80,true,false,false,false,false,09:00,09:50,14:00,16:50,,,09:30,10:50,11:00,12:20,12:30,13:50,14:00,15:20,09:00,09:50,11:00,12:20,14:00,15:20,,,09:30,10:50,11:00,12:20,12:30,13:50,14:00,15:20,09:00,09:50,11:00,12:20,14:00,15:20,,,,,,,16:00,18:50,,,,,,,16:00,18:50,,,,,,,,,,,,,,,,,,,,,,,,,,,,,,,,,,,,,,,,,,,,,,,,,,,,,,,,,,,,,,,,,,,,,,,,,,,,,,,,,,,,,,,,,,,,,,,,
SO276,Boca,SO,276,Instructional Computer Lab,30,true,false,false,false,false,10:00,12:50,18:30,21:20,,,13:00,15:50,18:30,21:20,,,,,,,,,,,,,18:30,21:20,,,,,,,09:00,11:50,13:00,15:50,15:00,17:50,,,18:30,21:20,,,,,,,,,,,,,,,,,,,,,,,,,,,,,,,,,,,,,,,,,,,,,,,,,,,,,,,,,,,,,,,,,,,,,,,,,,,,,,,,,,,,,,,,,,,,,,,,,,,,,,,,,,,,
SO301,Boca,SO,301,Classroom,40,false,false,false,false,false,09:00,11:50,13:00,15:50,16:00,18:50,09:00,11:50,13:00,15:50,16:00,18:50,,,09:00,11:50,16:00,18:50,19:00,21:50,,,16:00,18:50,19:00,21:50,,,,,,,,,,,,,,,,,,,,,,,,,,,,,,,,,,,,,,,,,,,,,,,,,,,,,,,,,,,,,,,,,,,,,,,,,,,,,,,,,,,,,,,,,,,,,,,,,,,,,,,,,,,,,,,,,,,,,,,,,,
SO303,Boca,SO,303,Classroom,20,false,false,false,false,false,,,,,,,12:30,15:20,,,,,,,09:00,11:50,,,,,,,,,,,,,,,,,,,,,,,,,,,,,,,,,,,,,,,,,,,,,,,,,,,,,,,,,,,,,,,,,,,,,,,,,,,,,,,,,,,,,,,,,,,,,,,,,,,,,,,,,,,,,,,,,,,,,,,,,,,,,,,,,,,,
SO304,Boca,SO,304,Classroom,28,false,false,false,false,false,,,,,,,,,,,,,,,,,,,,,,,16:00,18:50,,,,,,,,,,,,,,,,,,,,,,,,,,,,,,,,,,,,,,,,,,,,,,,,,,,,,,,,,,,,,,,,,,,,,,,,,,,,,,,,,,,,,,,,,,,,,,,,,,,,,,,,,,,,,,,,,,,,,,,,,,,,
SO305,Boca,SO,305,Classroom,40,false,false,false,false,false,16:00,18:50,,,,,,,,,,,,,16:00,18:50,19:00,21:50,,,,,16:00,18:50,,,,,,,,,,,,,,,,,,,,,,,,,,,,,,,,,,,,,,,,,,,,,,,,,,,,,,,,,,,,,,,,,,,,,,,,,,,,,,,,,,,,,,,,,,,,,,,,,,,,,,,,,,,,,,,,,,,,,,,,,,,,
SO307,Boca,SO,307,Classroom,32,false,false,false,false,false,16:00,18:50,,,,,19:00,21:50,,,,,,,13:00,15:50,16:00,18:50,19:00,21:50,,,16:00,18:50,,,,,,,,,,,,,,,,,,,,,,,,,,,,,,,,,,,,,,,,,,,,,,,,,,,,,,,,,,,,,,,,,,,,,,,,,,,,,,,,,,,,,,,,,,,,,,,,,,,,,,,,,,,,,,,,,,,,,,,,,,,,
SO370,Boca,SO,370,Classroom,32,false,false,false,false,false,12:00,12:50,13:00,13:50,14:00,16:50,09:30,10:50,11:00,12:20,12:30,13:50,14:00,15:20,09:30,10:50,11:00,12:20,12:30,13:50,14:00,15:50,09:30,10:50,11:00,12:20,12:30,13:50,14:00,15:20,09:30,10:50,11:00,12:20,12:30,13:50,18:30,21:20,14:00,15:50,18:30,21:20,15:30,16:50,18:30,21:20,,,,,15:30,16:50,18:30,21:20,,,,,,,,,,,,,,,,,,,,,,,,,,,,,,,,,,,,,,,,,,,,,,,,,,,,,,,,,,,,,,,,,,,,,,,,,,,,,,,,,,,,,,,,,,,,,,
SO377,Boca,SO,377,Conference room,18,false,false,false,false,false,,,,,,,16:00,18:50,,,,,,,16:20,19:00,19:10,22:00,,,,,16:00,18:50,19:10,22:00,,,,,,,,,,,,,,,,,,,,,,,,,,,,,,,,,,,,,,,,,,,,,,,,,,,,,,,,,,,,,,,,,,,,,,,,,,,,,,,,,,,,,,,,,,,,,,,,,,,,,,,,,,,,,,,,,,,,,,,,,,
SO385,Boca,SO,385,Classroom,30,false,false,false,false,false,13:00,13:50,14:00,14:50,18:30,21:20,09:30,10:50,11:00,12:20,12:30,13:50,14:00,15:50,09:30,10:50,11:00,12:20,12:30,13:50,16:20,19:00,09:30,10:50,11:00,12:20,12:30,13:50,14:00,15:50,09:30,10:50,11:00,12:20,12:30,13:50,,,,,,,16:00,18:50,,,,,,,18:30,21:20,,,,,,,,,,,,,,,,,,,,,,,,,,,,,,,,,,,,,,,,,,,,,,,,,,,,,,,,,,,,,,,,,,,,,,,,,,,,,,,,,,,,,,,,,,,,,,,,
SO390,Boca,SO,390,Classroom,28,false,false,false,false,false,12:00,12:50,13:00,13:50,14:00,14:50,09:30,10:50,11:00,12:20,12:30,13:50,14:00,15:20,11:00,12:20,12:30,13:50,18:30,21:20,,,09:30,10:50,11:00,12:20,12:30,13:50,14:00,15:20,11:00,12:20,12:30,13:50,,,,,,,16:00,18:50,18:30,21:20,,,,,,,16:00,18:50,,,,,,,,,,,,,,,,,,,,,,,,,,,,,,,,,,,,,,,,,,,,,,,,,,,,,,,,,,,,,,,,,,,,,,,,,,,,,,,,,,,,,,,,,,,,,,,,
UN227,Boca,UN,227,Clubhouse,16,false,false,false,false,false,,,,,,,,,,,,,,,,,,,,,,,,,,,,,,,,,,,,,,,,,,,,,,,,,,,,,,,,,,,,,,,,,,,,,,,,,,,,,,,,,,,,,,,,,,,,,,,,,,,,,,,,,,,,,,,,,,,,,,,,,,,,,,,,,,,,,,,,,,,,,,,,,,,,
VA104,Boca,VA,104,Lab,23,true,false,false,false,false,14:00,17:40,,,,,11:00,12:50,,,,,,,13:00,14:50,,,,,,,11:00,12:50,,,,,,,13:00,14:50,,,,,,,,,,,,,,,,,,,,,,,,,,,,,,,,,,,,,,,,,,,,,,,,,,,,,,,,,,,,,,,,,,,,,,,,,,,,,,,,,,,,,,,,,,,,,,,,,,,,,,,,,,,,,,,,,,,,
VA105,Boca,VA,105,Lab,11,true,false,false,false,false,11:00,14:40,,,,,09:00,10:50,11:00,14:40,,,,,11:00,14:40,15:00,16:50,,,,,09:00,10:50,,,,,,,15:00,16:50,,,,,,,,,,,,,,,,,,,,,,,,,,,,,,,,,,,,,,,,,,,,,,,,,,,,,,,,,,,,,,,,,,,,,,,,,,,,,,,,,,,,,,,,,,,,,,,,,,,,,,,,,,,,,,,,,,,,
VA106,Boca,VA,106,Lab,29,true,false,false,false,false,09:00,12:40,,,,,11:00,12:50,13:00,14:50,17:00,18:50,,,11:00,12:50,13:00,14:50,,,,,11:00,12:50,13:00,14:50,17:00,18:50,,,11:00,12:50,13:00,14:50,,,,,,,,,,,,,,,,,,,,,,,,,,,,,,,,,,,,,,,,,,,,,,,,,,,,,,,,,,,,,,,,,,,,,,,,,,,,,,,,,,,,,,,,,,,,,,,,,,,,,,,,,,,,,,,,,,
VA107,Boca,VA,107,Lab,10,true,false,false,false,false,13:00,14:50,16:00,17:50,,,09:00,10:50,11:00,12:50,,,,,13:00,14:50,16:00,17:50,,,,,09:00,10:50,11:00,12:50,,,,,,,,,,,,,,,,,,,,,,,,,,,,,,,,,,,,,,,,,,,,,,,,,,,,,,,,,,,,,,,,,,,,,,,,,,,,,,,,,,,,,,,,,,,,,,,,,,,,,,,,,,,,,,,,,,,,,,,,,,
VA112,Boca,VA,112,Lab,12,true,false,false,false,false,,,,,,,09:00,10:50,13:00,14:50,16:00,17:50,,,09:00,10:50,,,,,,,09:00,10:50,13:00,14:50,16:00,17:50,,,09:00,10:50,,,,,,,,,,,,,,,,,,,,,,,,,,,,,,,,,,,,,,,,,,,,,,,,,,,,,,,,,,,,,,,,,,,,,,,,,,,,,,,,,,,,,,,,,,,,,,,,,,,,,,,,,,,,,,,,,,,,
VA115,Boca,VA,115,Art Lab,20,true,false,false,false,false,,,,,,,11:00,12:50,13:00,14:50,,,,,09:00,10:50,13:00,14:50,,,,,11:00,12:50,13:00,14:50,,,,,09:00,10:50,13:00,14:50,,,,,,,,,,,,,,,,,,,,,,,,,,,,,,,,,,,,,,,,,,,,,,,,,,,,,,,,,,,,,,,,,,,,,,,,,,,,,,,,,,,,,,,,,,,,,,,,,,,,,,,,,,,,,,,,,,
